-- MySQL dump 10.16  Distrib 10.2.14-MariaDB, for Linux (x86_64)
--
-- Host: localhost    Database: InnovaDocs
-- ------------------------------------------------------
-- Server version	10.2.14-MariaDB

/*!40101 SET @OLD_CHARACTER_SET_CLIENT=@@CHARACTER_SET_CLIENT */;
/*!40101 SET @OLD_CHARACTER_SET_RESULTS=@@CHARACTER_SET_RESULTS */;
/*!40101 SET @OLD_COLLATION_CONNECTION=@@COLLATION_CONNECTION */;
/*!40101 SET NAMES utf8 */;
/*!40103 SET @OLD_TIME_ZONE=@@TIME_ZONE */;
/*!40103 SET TIME_ZONE='+00:00' */;
/*!40014 SET @OLD_UNIQUE_CHECKS=@@UNIQUE_CHECKS, UNIQUE_CHECKS=0 */;
/*!40014 SET @OLD_FOREIGN_KEY_CHECKS=@@FOREIGN_KEY_CHECKS, FOREIGN_KEY_CHECKS=0 */;
/*!40101 SET @OLD_SQL_MODE=@@SQL_MODE, SQL_MODE='NO_AUTO_VALUE_ON_ZERO' */;
/*!40111 SET @OLD_SQL_NOTES=@@SQL_NOTES, SQL_NOTES=0 */;

--
-- Table structure for table `Acceso`
--

DROP TABLE IF EXISTS `Acceso`;
/*!40101 SET @saved_cs_client     = @@character_set_client */;
/*!40101 SET character_set_client = utf8 */;
CREATE TABLE `Acceso` (
  `AccesoId` int(11) NOT NULL AUTO_INCREMENT,
  `AccesoUsuarioId` int(11) NOT NULL,
  `AccesoPrivilegioId` int(11) NOT NULL,
  `AccesoLectura` bit(1) NOT NULL,
  `AccesoEscritura` bit(1) NOT NULL,
  `AccesoEjecucion` bit(1) NOT NULL,
  `AccesoFechaCreacion` datetime NOT NULL,
  PRIMARY KEY (`AccesoId`),
  KEY `AccesoUsuarioId` (`AccesoUsuarioId`),
  KEY `AccesoPrivilegioId` (`AccesoPrivilegioId`),
  CONSTRAINT `Acceso_ibfk_1` FOREIGN KEY (`AccesoUsuarioId`) REFERENCES `Usuario` (`UsuarioId`),
  CONSTRAINT `Acceso_ibfk_2` FOREIGN KEY (`AccesoPrivilegioId`) REFERENCES `Privilegio` (`PrivilegioId`)
) ENGINE=InnoDB AUTO_INCREMENT=2 DEFAULT CHARSET=latin1;
/*!40101 SET character_set_client = @saved_cs_client */;

--
-- Dumping data for table `Acceso`
--

LOCK TABLES `Acceso` WRITE;
/*!40000 ALTER TABLE `Acceso` DISABLE KEYS */;
/*!40000 ALTER TABLE `Acceso` ENABLE KEYS */;
UNLOCK TABLES;

--
-- Table structure for table `Alumno`
--

DROP TABLE IF EXISTS `Alumno`;
/*!40101 SET @saved_cs_client     = @@character_set_client */;
/*!40101 SET character_set_client = utf8 */;
CREATE TABLE `Alumno` (
  `AlumnoId` int(11) NOT NULL,
  `AlumnoNombre` varchar(50) DEFAULT NULL,
  `AlumnoApellidoPaterno` varchar(25) DEFAULT NULL,
  `AlumnoApellidoMaterno` varchar(25) DEFAULT NULL,
  `AlumnoGeneroId` char(1) NOT NULL,
  `AlumnoCarreraId` tinyint(4) DEFAULT NULL,
  `AlumnoTecnologicoId` tinyint(4) DEFAULT NULL,
  PRIMARY KEY (`AlumnoId`),
  KEY `AlumnoGeneroId` (`AlumnoGeneroId`),
  KEY `AlumnoCarreraId` (`AlumnoCarreraId`),
  KEY `AlumnoTecnologicoId` (`AlumnoTecnologicoId`),
  CONSTRAINT `Alumno_ibfk_1` FOREIGN KEY (`AlumnoGeneroId`) REFERENCES `Genero` (`GeneroId`),
  CONSTRAINT `Alumno_ibfk_2` FOREIGN KEY (`AlumnoGeneroId`) REFERENCES `Genero` (`GeneroId`),
  CONSTRAINT `Alumno_ibfk_3` FOREIGN KEY (`AlumnoCarreraId`) REFERENCES `Carrera` (`CarreraId`),
  CONSTRAINT `Alumno_ibfk_4` FOREIGN KEY (`AlumnoTecnologicoId`) REFERENCES `Tecnologico` (`TecnologicoId`)
) ENGINE=InnoDB DEFAULT CHARSET=latin1;
/*!40101 SET character_set_client = @saved_cs_client */;

--
-- Dumping data for table `Alumno`
--

LOCK TABLES `Alumno` WRITE;
/*!40000 ALTER TABLE `Alumno` DISABLE KEYS */;
INSERT INTO `Alumno` VALUES (10021066,'ANTONIO HILARIO','HUICI','JABBI','M',6,6),(10036348,'FELISBERTO','SILVOSO','AMIN','M',11,15),(10051872,'MARIA VI?AS','MARIGO','CENA','M',12,11),(10068185,'JUAN FEDERICO','ACARO','GULIAS','M',4,5),(10085427,'SAMUEL ALBERTO','COJOCARIU','CHARA','M',12,23),(10093104,'SHOUKAT','CERRATO','ORE','F',17,2),(10098678,'SURI','CHAIBI','ALIAS','M',2,22),(10151639,'ANTONIO LAZARO','SANGRONIZ','APEZTEGUIA','M',2,13),(10166707,'YEDEY','GIGANTE','VALLADAR','F',4,8),(10191425,'MARIA CRISTINA','ALDONZA','OGUETA','F',6,2),(10205698,'PEDRO JUSTO','URIEN','CHIKHI','F',10,13),(10224664,'MARCOS VINICIO','MORLANES','SION','F',7,12),(10235973,'SUIZHU','QUEREJAZU','GARATE','M',10,18),(10267095,'FLORITA','DE PACO','BELART','M',16,2),(10277508,'GREGORY JAMES','GAFO','CASTANY','F',17,17),(10293831,'CLAUDIA ALICIA','DE PAUL','VIELA','M',7,16),(10303825,'HAMILTON','LA O','SANTOYO','M',17,17),(10307631,'GILDO','TKACHENKO','PRIEGUE','M',4,21),(10343553,'TITO MANUEL','VILARRUBLA','HOWELL','F',10,4),(10343595,'MARIANITA JESUS','RUBI?OS','SCHULZ','F',18,10),(10372773,'LUCAS ARIEL','SOLDAN','BOYANO','M',4,3),(10398063,'MARTIN FELIX','RASHID','TITUA?A','M',10,9),(10413996,'JOHN PATRICK','MORROS','ESCUDEIRO','M',11,5),(10456106,'BIANCA GEORGIANA','DEL PUERTO','MENCHACA','F',10,13),(10459397,'GANESH','CLUSELLAS','BAN','M',14,17),(10463018,'SARA GEMA','NEVES','SULCA','M',5,11),(10504608,'MANZOOR','MADANI','RUIZ DE ALEGRIA','M',16,21),(10548553,'HAILI','LARRAMENDI','CINTA','F',13,13),(10579546,'ZDRAVKA','ACURIO','CARBIA','F',14,11),(10589601,'GERMAN SANTIAGO','OULGHAZI','DO?A','F',12,15),(10592533,'GONZALO ALVARO','BROOKES','VAELLO','F',3,20),(10611865,'YUNES','BARRUTIA','BAQUERO','F',14,21),(10612861,'NATALLIA','DODD','OLAYA','F',7,13),(10623746,'NICOLAS ADRIAN','PAZ','LLARCH','F',8,2),(10634893,'RALUCA MARIANA','MEGIA','CHEN','F',1,18),(10640002,'RAMONA CRISTINA','LARSEN','ALDACO','M',13,21),(10648394,'UGO','ORLANDO','DAVALILLO','M',14,19),(10675096,'PEDRO EULOGIO','ESTAVILLO','HOSTENCH','F',12,4),(10683830,'EDWIN PAUL','YUSTA','DAHMOUNI','F',11,2),(10715482,'MARCOS ADRIAN','JIMENO','CLUSELLAS','M',5,22),(10718664,'MARIA DEYANIRA','ELGORRIAGA','CALIXTO','M',9,18),(10725722,'NADIM','CASAJUANA','LEITE','M',1,17),(10743905,'FREDDY RICARDO','ABDI','DE MATA','M',10,17),(10748146,'MANSOOR','DUDEA','MULDER','F',1,22),(10752804,'ALIN GEORGIAN','RAMA','MESSAOUDI','F',6,22),(10754541,'DANIEL DAVID','REUS','REJANO','F',14,5),(10757234,'TERESA EULALIA','MA?A','BUJEDA','M',14,6),(10804790,'AGUASANTA','RUBI?OS','FRAIDIAS','M',17,17),(10808649,'IZEI','MOLDON','MOLLINEDO','F',10,16),(10813736,'FIDELA MARIA','VAZ','IGELMO','M',18,2),(10819004,'NAZIK','RUSCA','OTVOS','F',19,12),(10826154,'BLANCA GLADYS','CUERVAS','SALO','F',5,10),(10859541,'IONICA','LEKERIKA','ALEM','F',14,9),(10869805,'LAGHDAF','ALABORT','AMEAL','M',11,22),(10879999,'NOURA','AMUEDO','BRISA','F',12,14),(10890938,'FELIX JULIO','ORTIZ DE URBINA','ANSIA','M',7,8),(10915572,'INGRID ALEXANDRA','ARNAU','ROIBU','F',7,6),(10957648,'ADRIAN OCTAVIAN','PALUMBO','ILLUECA','F',5,3),(10971852,'OBDULIA','MONGUILOD','WOOLLEY','M',11,9),(10994860,'LLANOS','FERRON','ABEL','F',7,22),(11046967,'EDUARDO ALFONSO','MUSCALU','CUESTA','F',9,8),(11048024,'CIRILO MANUEL','DE MAGALHAES','HASNAOUI','M',2,8),(11060583,'BERNARDO DAVID','AZA?A','VENTOSINOS','F',1,15),(11090183,'BLANCA CARMEN','VERDIAL','FUENTETAJA','F',6,1),(11127887,'HENRIQUE JOSE','MUNZON','MURUAMENDIARAZ','F',2,8),(11189096,'GUEORGUI','BEN ABDELLAH','ABAD','M',2,20),(11193795,'ROSA LAURA','BARREDA','MEMBRIVES','F',2,16),(11206857,'ABDELLAH','COTAINA','NARVAEZ','F',17,3),(11212191,'DIDAC','LOPEZ DE CALLE','OTEGUI','M',5,13),(11213612,'GLADYS MARISOL','PLUMED','SIENRA','F',14,9),(11271817,'LILING','SANDOYA','TORNERO','M',14,2),(11284992,'CAMINO','OLIDEN','URTASUN','F',14,8),(11285760,'LLOYD','DE JUAN','AMUNDARAIN','F',11,3),(11336509,'ALBERTO JUAN','FONTSECA','SAMPABLO','M',13,14),(11346974,'NAOMI MARIA','DE LA ROZ','RETUERTA','M',18,17),(11359263,'DANIEL OLIVER','ARNAU','SAMANIEGO','M',2,2),(11364996,'TALITA','BOLUFER','ESPUCH','F',17,20),(11368396,'NORMA ESTER','QUIBUS','ALCAINE','M',8,16),(11398352,'IVO JOSE','ONOFREI','CADI?ANOS','M',12,5),(11401192,'STEINAR','JORA','VINUESA','F',18,3),(11431546,'SHEILA PILAR','KONATE','AYUSTE','F',6,9),(11480035,'KATHERINE ALEJANDRA','BAKER','RANDO','F',13,7),(11489606,'CLAUDIU ALEXANDRU','MERODIO','ALTABA','M',15,7),(11497842,'GHEORGHE DAN','EIZAGIRRE','HILL','F',16,10),(11512831,'BENIGNO ANTONIO','NICUESA','MUEDRA','M',13,18),(11535079,'FRANCISCO AITOR','BURDEUS','CODESEDA','F',1,4),(11537922,'JORGE RAUL','DE BARRIO','GRAIN','F',13,15),(11566887,'PINO','ANTONI','DEUSA','M',9,16),(11580809,'NEVENKA','MINERO','CENA','F',7,14),(11582313,'GUENTER','REGA','CHAVERO','F',18,5),(11589225,'HARIDIAN CARMEN','BERIAIN','WRIGHT','F',15,14),(11590667,'AMADOR ANGEL','LAVI?A','GAMON','M',14,3),(11593438,'LEOCRICIA','CARRAGAL','GUTU','F',11,11),(11641639,'JESSICA MARIA','AISSAOUI','SAINZ DE AJA','M',17,13),(11679022,'BERTHA ALICIA','MARRERO','SANCHEZ GALLEGO','M',3,1),(11730503,'ADRIANA RAQUEL','JARDIEL','ALFONSECA','F',5,6),(11793911,'EDUARDO JAIME','HUELGA','GAROFALO','F',8,14),(11806878,'EMMA ESTHER','DJITTE','PELLICENA','M',3,21),(11822348,'KARIMA','KORTA','LAURA','M',9,6),(11822586,'ANA FABIOLA','FERGUSON','ORENGA','M',12,2),(11905594,'ANNA','ROCILLO','FARPON','F',17,6),(11966116,'YULEN','SOMOHANO','ALPERI','F',10,20),(11970798,'RAUL ANIBAL','ARQUERO','RASMUSSEN','F',7,20),(11987941,'GEORGE ALEXANDER','SUQUILLO','VALENTI','F',6,1),(12007899,'TERESA RAMONA','ALTET','ALMARCHE','F',7,12),(12008919,'BRAYAN JAVIER','YANZA','VEGARA','M',1,13),(12018160,'COLIN JOHN','GONI','TRABADA','F',3,3),(12018534,'ANGEL DARIO','DIGES','BOGDANOVA','M',8,4),(12033322,'DANIEL FABIAN','TRISTAN','SAN','M',12,16),(12041483,'URSZULA','MUNRO','PEREJON','M',3,18),(12041897,'PATRICIO DANIEL','EL ATMANI','BECERRA','F',2,19),(12049271,'MARIANA BELEN','JARNE','LAMARTI','M',13,9),(12076389,'ANDREA LILIANA','CHEMLAL','MORTIMER','M',4,21),(12084139,'CARMEN FLORA','ZHUO','SANTA CRUZ','M',3,13),(12092261,'ALVARO RAUL','CHINCOA','DE LOS RIOS','M',19,22),(12092486,'SHAHID','MAZAGATOS','ZUFIRIA','F',3,6),(12143573,'RAMDAN','DE LA GUIA','MARQUINEZ','M',8,21),(12158128,'HERNANI','SARRA','ROMANOVA','M',14,19),(12174782,'ANTONIA CARMEN','GUAITA','CORTADO','F',3,12),(12175780,'NICOLE ALEJANDRA','OBREJA','GABIRONDO','M',8,14),(12198423,'RENI','ARECHAVALETA','CHAMERO','F',7,17),(12199764,'ANA MYRIAM','ARADILLA','EL KAMOUNI','M',9,8),(12199784,'KRASSIMIRE','RAMIA','ZANOGUERA','F',5,1),(12245606,'HOUCINE','GARCIA AREVALO','GUEYE','F',4,6),(12276752,'DIEGO ALONSO','CASTELLAR','ALDOMA','M',16,19),(12392946,'RABAH','GRANDEZ','TARDON','M',17,7),(12467927,'CLARA MARGARITA','TERRADA','MESBAH','F',7,23),(12471283,'PETER ERNST','ZOTANO','ORCAJO','M',7,13),(12473428,'LAURA CARIDAD','PIQUERAS','ARITON','M',15,4),(12482659,'NEREYDA','MADUREIRA','RAMAJO','F',17,15),(12511719,'GRECIA MARIA','AREOSA','PEREZ DE LA LASTRA','F',8,9),(12537867,'MANOLI','DE LA CALZADA','ANDIKOETXEA','M',12,14),(12553959,'EXUPERANCIO','DUMITRU','FARISS','M',10,9),(12570303,'EMILIA MARIA','REYERO','CORREDERAS','M',13,19),(12575522,'SAMY','ESCALERO','CALVIS','F',7,11),(12603893,'ELVIRA JESUS','MOSES','BOUAMAMA','F',4,11),(12611044,'WILLIAM ALFREDO','CEDENILLA','JARAVA','M',12,16),(12625715,'ESTANISLAU','ROSSI','BELLVER','F',2,12),(12636776,'YANINA','LARRONDO','SALCINES','M',17,21),(12651849,'BUCHRA','CORDERA','FERNAN','F',2,19),(12670714,'QIAOYUN','DOBON','FAUSTO','F',7,16),(12673529,'ENCARNACION','ALAVEDRA','PUMA','F',15,6),(12691952,'DANY','PORTE','MAILAT','F',15,12),(12701439,'RIMSHA','IDIRIN','SEVES','F',4,2),(12707319,'BIANCA MARIA','LAZPIUR','OYONO','F',9,14),(12725666,'GERT','AVEZUELA','KONG','F',18,6),(12771639,'OANA FLORINA','LARRAYA','COMALLONGA','M',6,15),(12781080,'ANGIE CAROLINA','ELCORO','GARATE','F',12,16),(12793362,'GENEROSA','EYRE','BONONAD','M',5,23),(12798172,'ADEELA','BACELO','DE LA ESCALERA','M',1,9),(12871867,'CARMEN BLANCA','PISANO','NAVACERRADA','M',14,10),(12901078,'ALEXANDRU SORIN','CORDIDO','SILLES','M',18,12),(12937238,'JOHN ARTHUR','GAVILANES','MAREK','M',9,12),(12948969,'KHAOULA','JODAR','PUJAZON','M',7,10),(12949670,'SORIN ILIE','TATU','DIAGNE','M',13,13),(12961404,'CRISTINA GEMMA','ABEJA','DE LA HAZA','F',10,18),(12968599,'MIRIAN ALEXANDRA','BARGUE?O','DE JULIAN','M',3,3),(12982084,'LAURENTIU DANIEL','BARRIGON','TIPAN','M',8,4),(13026109,'BERNARDUS','LUIS','BOOTH','F',18,16),(13035392,'ALEJANDRA VERONICA','ARCAZ','RIZZI','M',11,21),(13047785,'JUAN ALVARO','PAULET','LAINZ','M',9,16),(13060112,'MEIQIN','URONES','LAZAROVA','M',5,7),(13129765,'JULIA ROCIO','RODADO','SUALDEA','F',18,12),(13135055,'MAURICIO','PLANTADA','DUERTO','M',7,20),(13144049,'GABRIEL ALIN','GU','CRUZADO','M',13,12),(13326716,'AGUEDA ROCIO','CERDEIRAS','LAHASEN','M',12,11),(13372331,'EPIGMENIO','ARISTIZABAL','CERECEDO','F',3,20),(13381922,'KASSEM','BAYON','MAYNOU','M',3,7),(13382501,'EVARISTO JOSE','RIVODIGO','MARTINEZ ALCOCER','M',8,13),(13397201,'GERARDO ALBERTO','CASTELOS','AGUIRRECHE','F',14,18),(13446499,'MANUEL RUFINO','COLINA','DE LA PLATA','M',14,18),(13493410,'CHERKI','AUTONELL','MONTSENY','M',10,6),(13494117,'MATHIAS','RESPALDIZA','DE HOZ','F',4,13),(13501128,'JORGE JONATHAN','DE LA ENCINA','LOITI','M',11,19),(13523637,'DENISA ANDREA','CHELARIU','ILINA','F',14,5),(13527046,'ELENA AMPARO','TRE','AGOIZ','M',10,3),(13530902,'MILLERLANDY','FABON','ROSA','F',19,10),(13531490,'PAVLA','LAENCINA','BOUTAHRI','M',5,13),(13573211,'DECLAN','LAM','RAGGIO','F',11,13),(13633290,'AITOR JESUS','PEREGRINA','MARI?A','F',6,4),(13684855,'MURTAZA','OSTOS','ADURIZ','M',13,19),(13693025,'MARIA O','MARGULLON','NICOLAE','M',14,1),(13693716,'KLAUS JURGEN','GARBISU','PALAS','F',13,11),(13702063,'ISABEL AMPARO','PADUREAN','CUBAS','M',9,3),(13718061,'LHOUCEINE','CHIRA','TAIPE','M',14,5),(13735813,'GINTARE','CIRBIAN','SUANO','F',14,20),(13750437,'OLGA MARINA','BALEA','SISCART','M',5,16),(13788946,'ERICK JAVIER','MARTIARTU','HE','F',7,13),(13836362,'SUSANA RAQUEL','GOICOECHEA','MORADELL','F',3,2),(13836618,'EMELDA','COLUME','LUESMA','M',18,11),(13873239,'DAVID MARIAN','DAFONTE','BIBI','F',2,11),(13877521,'IRINA NICOLETA','URQUIAGA','DE MANUEL','F',12,21),(13927034,'ANTONIO HORACIO','LOMBARDIA','SUEIRO','M',14,17),(13939035,'MARIA SELVA','MONTALAR','SHARPE','F',2,12),(13957055,'CALINA','BUNEA','RAMIREZ DE ARELLANO','M',7,6),(13971707,'NATALIA DANIELA','DIAZ BLANCO','TAHERI','F',16,17),(13990283,'ETERIO','FERRI','BERCIAL','M',8,3),(13995558,'OSVALDO LUIS','CABANILLA','SANAGUSTIN','M',2,22),(13998025,'TARIQ','MANTECON','BAYAD','M',6,14),(14040232,'TAHRA','TEOMIRO','ESPINASA','F',10,19),(14054880,'MARIA DILIA','BOBET','GRIMM','M',17,9),(14055193,'ELENA CARLOTA','RICOTE','LANDAURO','M',4,3),(14145594,'JAMA','TALBI','RUIZ DEL PORTAL','F',6,12),(14151022,'ROSEMERY','FITA','SZEKELY','F',6,15),(14159792,'ABDOU AZIZ','GORDO','BOUZIAN','F',10,10),(14174439,'SILVIA DANIELA','SESTELO','GORRICHO','M',5,15),(14199969,'CARLOS VIDAL','RIFA','LASTRES','M',3,8),(14223452,'LINA VANESSA','LANE','JUANAS','F',11,22),(14242736,'CHUNHUA','NOMEN','MORILLO VELARDE','F',6,20),(14262757,'BARBARA PATRICIA','CAMPANER','PRISECARU','M',14,11),(14270152,'KEVIN JAMES','BABON','DUVAL','F',14,16),(14284868,'RUS MARIA','PERRIN','QUIRALTE','M',2,19),(14289080,'ALVARO SANTIAGO','IGARTUA','CANUTO','M',5,22),(14306689,'MARIA BUENSUCESO','PEROTE','FERNANDEZ PEINADO','M',12,12),(14332110,'EDISON ALBERTO','GARNES','ROTH','F',7,1),(14334345,'YEDEY','DA LUZ','VIADE','F',11,9),(14341213,'LARA ISABEL','AMORIM','LIZARRALDE','F',9,17),(14374814,'SILVIA IRENE','NOVAU','IAKAB','F',17,22),(14417902,'YAIZA ISABEL','PIPIO','CAELLAS','M',18,11),(14432148,'HUGO FELIPE','SAINZ DE VICU?A','KADIRI','F',9,9),(14466360,'LAURA LUISA','MIMO','ALGOVIA','F',4,1),(14507292,'DYLAN STEVEN','FILELLA','GINABREDA','F',2,20),(14507611,'ANA ESTIBALIZ','HAYNES','HANGANU','M',11,14),(14508647,'MARIA ESTEFANIA','CRISTALDO','THORPE','M',7,9),(14510242,'LIAN','JUANOLA','JUANINO','M',17,1),(14535547,'MILAGROS DOLORES','SANDRU','CARENAS','M',3,7),(14616008,'HSSAIN','UNAMUNO','ESNAL','M',2,4),(14624373,'WALTER FERNANDO','SEHLI','ROBA','F',10,18),(14659738,'TULA','IZURIETA','LUGILDE','M',13,19),(14667126,'MARIAN MADALIN','ESPARCIA','MOLDON','F',9,17),(14684245,'AGNIESZKA JOANNA','CADIZ','FIGUEIRAS','M',7,11),(14746675,'MANUEL ADOLFO','CERRILLO','AZCUNAGA','F',3,9),(14747517,'OZIEL','CALZON','CHAOUI','M',17,5),(14766459,'JORGE IGNACIO','GARCIA DE VICU?A','JANKOWSKI','F',8,14),(14812451,'MARIA CHIQUINQUIRA','LUTZARDO','PILAR','F',10,6),(14813075,'NANCY LILIANA','BRIGIDO','SADLER','M',17,12),(14836626,'SERIGNE','BLASI','FORNET','F',12,15),(14839938,'LAURA TERESA','IZURA','ESPADERO','F',4,9),(15029279,'MARIA ELITA','ORGANISTA','GENOVA','F',2,3),(15099939,'MARIUS CRISTIAN','ONICA','GUILLEMAT','M',13,10),(15102224,'GLORIA CRISTINA','SANJULIAN','MAGUIRE','F',8,5),(15106033,'DONGMEI','WEISS','COSTALAGO','M',6,10),(15153444,'ANGIE CAROLINA','TABOADA','GUIBERTEAU','M',13,17),(15187468,'ROSA JOAQUINA','CUDEIRO','FERRAO','F',7,9),(15198900,'MARIA TRINITAT','COMAMALA','GEREZ','F',16,6),(15228636,'DAVID PATRICIO','HUAMANI','HYDARA','M',9,19),(15252548,'ELENA ANGELA','CASAMIQUELA','COLLIER','F',14,15),(15259379,'FATOUMATA BINTA','ENTRIALGO','RABANILLO','M',18,18),(15269470,'HONORIO MANUEL','KOUSAR','VILLARRUEL','M',2,3),(15288874,'MOHAMED ABDALLAHI','MANZANARES','PESTANO','F',9,19),(15298954,'SULING','ARAGUETE','CANOVAS','M',4,6),(15336121,'GEOFREY','MORATIEL','OLARTE','M',16,6),(15348858,'MAUREEN ELIZABETH','ALBET','MARTINEZ DE LAHIDALGA','F',15,16),(15361545,'JHON WILSON','CAMPANO','DATO','F',12,20),(15380411,'CRISTIAN ROBERTO','CASTROSIN','STAFFORD','F',16,10),(15383545,'CARMELO ANGEL','TAHAR','ANCHUELA','M',18,7),(15410152,'JOSE EUSEBIO','XICOLA','OCARIZ','M',17,22),(15422179,'JOAQUIN ROQUE','ZAHONERO','ALCONADA','F',4,5),(15476415,'CRISTIAN','SIMIL','ENGUITA','F',2,14),(15519213,'ZENEIDA','VENERO','CERVIGON','M',14,21),(15525628,'MARIA YANETH','BORGO?ON','ESCURRIOLA','F',12,16),(15533392,'MASSE','ZOZAYA','KERR','F',13,18),(15557425,'INARA','HARPER','CU?ADO','F',12,8),(15559080,'FERDAWS','BELZUNCES','GELADA','M',16,20),(15574880,'ROSAIDA','LIBREROS','GURUNG','M',4,17),(15600617,'GEMA LUZ','CLEMENT','CURCO','F',8,12),(15610192,'MARIA CATHARINA','YUMAR','GIBELLO','M',16,23),(15636321,'NESSRINE','ZARZALEJO','DEL BARCO','F',18,8),(15657927,'ANTA','ZALAMA','BERMAN','F',17,11),(15663855,'AINHOA','HANSSON','JUVERA','M',5,2),(15669824,'DAVID PEDRO','RIVEIROS','NARDIZ','F',8,13),(15673324,'RUBEN ALBERTO','JENE','JACOBSEN','M',6,4),(15690838,'LEIDY YULIANA','CONTERO','YUSTA','F',8,8),(15697779,'ANGEL SIMON','CALDERON','ANTO?ANZAS','F',7,12),(15700128,'MONTES','RELLO','LA CHICA','F',10,11),(15752495,'CARMEN TOMASA','PESADO','PLACES','M',13,12),(15752497,'AFZAL','ALENTADO','CALVENTE','M',2,16),(15754356,'LORENA CECILIA','CARDENETE','ALIAU','M',7,19),(15773380,'BIRAMA','SABIRON','BALDUZ','M',1,21),(15781561,'LIYONG','LEVANO','AMIANO','F',7,5),(15797814,'GREGORIO MANUEL','CORAL','BRUSTENGA','M',17,8),(15814103,'EDUARDO BORJA','ASPAS','TESAN','M',17,18),(15817704,'BRUNO RAFAEL','VENGUT','BERET','F',12,17),(15853737,'AKIER','ZUBIA','TRABALON','M',17,6),(15890716,'ALEX PATRICIO','TABERNILLA','GROSSO','F',18,6),(15921726,'JUAN BAUTISTA','WYATT','JUL','M',13,16),(15930807,'NILS','BURGALETA','BERKANI','M',15,11),(15934578,'GLORIA NATIVIDAD','PEREGRINA','SISTAC','F',19,13),(15937600,'LAURENTIU','DE HARO','POPOVA','F',19,15),(15977893,'CHAYMAA','APESTEGUI','VAAMONDE','F',10,9),(15983481,'ALFONSO SEBASTIAN','NANWANI','MUGUERZA','M',4,10),(16023035,'RAMIZ','ELICEGUI','CALLEALTA','M',9,5),(16039836,'DIANA ALEXANDRA','URBANOS','GRIGORE','M',16,13),(16062606,'WILSON','ALTABAS','ORCERO','M',8,20),(16076468,'BIVIANA','FREIXINET','ALLAN','M',13,6),(16107748,'ALBA MERY','LAGES','PISICA','F',15,20),(16120252,'MARIA IBERIA','SUQUILANDA','AMORAGA','M',18,10),(16149061,'CRISTINA ANDREEA','OYARZABAL','PERLA','M',10,18),(16158355,'EDERNE','CAMOS','AMBITE','M',1,18),(16212073,'Ulises Salvador','Sanchez','Arguellez','M',1,1),(16212074,'Ulises','Sanchez','Arguellez','M',1,1),(16244060,'MATILDE SOLEDAD','ASTACIO','PECHE','F',16,19),(16253298,'ZENEB','DONES','EL GOURARI','F',11,18),(16283875,'MIHAI LUCIAN','REINE','CALDUCH','M',5,21),(16289692,'YUHANG','DUAIGUES','REDONDO','F',16,10),(16298141,'DARREN LEE','CIOBANU','ESPINALES','M',11,1),(16303931,'MARIA MERITXELL','BATURONE','BOIRA','F',5,20),(16307259,'ISMAEL ALEJANDRO','GARCIA IZQUIERDO','ECHEPARE','F',13,9),(16315959,'CARMEN BARBARA','LLAVATA','TRINDADE','F',18,9),(16321742,'VINCENT','PUMAREGA','ARDERIUS','M',8,11),(16340512,'ANTONIO JUSTO','CORCHUELO','PALACINO','F',9,3),(16347289,'XOAN ANTON','LANZAGORTA','UBEDA PORTUGUES','F',3,7),(16372152,'JHON JAIME','BARRIAL','CAMBARA','F',6,6),(16374479,'FRANTISEK','BAILADOR','ALFONSECA','M',14,8),(16399517,'SOMIA','DIAZ CRESPO','OSSORIO','F',12,18),(16458888,'SAFAE','HAYOUN','URIBARREN','F',17,22),(16464377,'MARIO MANUEL','BONONAD','BARRIENDOS','M',9,17),(16487540,'FERMIN','DEVAL','VIVARACHO','F',12,4),(16497603,'MARTHA GLADYS','MARRADES','FARELO','M',12,18),(16520330,'VERONICA VALERIA','BARREIRA','SAMIT','F',14,13),(16520388,'ABDELLATIF','DOUCOURE','GOMERA','M',12,14),(16537671,'MARIA ANSELMA','JULVE','GENOVARD','F',2,16),(16562322,'PALOMA DOLORES','CALAPI?A','ROSI?A','F',18,19),(16570443,'WINSTON','GAVIRIA','MATEI','M',18,21),(16627144,'ALICIA ELIZABETH','OCIO','CONCHILLO','M',19,10),(16641110,'KHITAM','CAPITAS','CANTANO','F',14,4),(16671849,'IGNACIO DANIEL','ERAUSQUIN','MORCILLO','M',11,17),(16706336,'ZEINA','NOGUERAS','SHAHZADI','F',14,22),(16716847,'MARCO GABRIEL','GRAU','ROCILLO','M',7,11),(16734136,'FELIX MARTIN','SUEIRAS','PIULATS','M',7,12),(16758622,'CARMEN PATRICIA','CERVEL','SADEK','F',5,7),(16761165,'ANDRES ADRIAN','TORELLO','GINABREDA','M',10,22),(16778343,'NORA INES','CLAVELL','GUAZA','F',5,18),(16783189,'ANDRES ARMANDO','GARCIA CALDERON','MONTON','F',4,11),(16809174,'OVIDIO','VOSS','SUBIELA','M',2,5),(16827811,'ABDUL KARIM','CORACHAN','CA?UELO','M',6,4),(16993541,'KEVIN GEORGE','CABELLO','ARNOLD','M',15,19),(17014529,'MARISA ISABEL','LARIA','ISABAL','F',18,6),(17028528,'JOSE JOAQUIN','RAILEANU','ESTENAGA','M',7,11),(17034494,'ADRIANA VALLE','VINACHES','ERNST','F',10,22),(17045766,'ROSA MARINA','WILKINSON','REGOJO','M',16,15),(17054908,'LAURA SOLEDAD','MANUBENS','PALEO','F',13,1),(17068226,'BRAYAN ESTIVEN','ARREGUI','VEIGUELA','M',12,1),(17073905,'MOULAY DRISS','AINOZA','AMORETTI','F',9,12),(17100146,'GENNADIY','RAZKIN','AROZENA','F',15,15),(17243378,'JOSEFA PIEDAD','ANIDO','FRAMIL','M',2,6),(17265410,'SANTIAGO JAVIER','LLANO','ARANDES','F',18,3),(17268265,'GEMA BEATRIZ','OROSA','CARLOS','F',5,21),(17309263,'HUI','BUZDUGAN','PALAZON','M',5,22),(17326199,'FABIANA BEATRIZ','BERNIA','BARREROS','M',15,6),(17346135,'MAIRA ELIZABETH','GHULAM','AYOSO','M',8,17),(17359859,'ANGIE MELISSA','CASTA?OS','JOUNOU','M',3,19),(17400346,'JOSE ARISTIDES','MUSI','MICOLA','M',2,14),(17416168,'DIAMAR','GORTAZAR','VIDIELLA','M',10,3),(17420861,'MALCOLM JOHN','DEL PORTILLO','BENNOUNA','M',6,22),(17433036,'ROBIN','SOLAUN','PERTEGAL','M',10,5),(17448909,'ALESSIA','GERONA','DIAZ DE CORCUERA','F',13,6),(17502934,'MOUHSSINE','CHICA','DUATIS','M',18,3),(17512734,'RECAREDO','IBISATE','CRIOLLO','F',16,5),(17519801,'TERENCE ARTHUR','VELEDO','DIETRICH','F',7,16),(17529236,'ABDELOUAFI','KRISTENSEN','CORBIN','M',7,23),(17535986,'MANUELA CONSUELO','PESTANO','OLA?ETA','M',15,12),(17583604,'RAIMUNDO FRANCISCO','BIOT','TRABANCO','F',9,7),(17638199,'CHARLOTTE ANNE','OLSSON','CRUCERA','F',1,10),(17658878,'HABY','FRADEJAS','BENDALA','M',18,19),(17667942,'GLADYS LOURDES','CALLAO','LETONA','F',4,2),(17698423,'NANCY GRACIELA','MARTINOV','AIDO','F',12,5),(17736474,'JENNIFER ALEJANDRA','VAIDA','URREIZTI','M',5,18),(17751469,'QUN','CIORRAGA','LUCHA','M',15,10),(17753983,'HASSAM','REVELO','STRUGARI','M',5,16),(17767303,'NARIMAN','DA VEIGA','DE HARO','F',3,3),(17805081,'DULCERINA','CIMA','SUST','M',17,10),(17810808,'LETICIA NOEMI','DAVALILLO','VALLINA','F',2,5),(17825859,'DANIEL DUMITRU','LACOBA','ANTONIO','M',6,13),(17870859,'GEMA SOLEDAD','TAILLEFER','URE?A','F',3,23),(17878163,'GREGORIO JOAQUIN','BECANA','HIGUERAS','F',19,4),(17955675,'MONTSERRAT DOLORES','SANCHEZ HORNEROS','MADI','F',7,21),(17960742,'BRAUDILIA','GA?ARUL','AVRAM','F',17,10),(17964061,'YELYZAVETA','MORENO CID','SIRB','M',15,21),(17999277,'PAUL THOMAS','LANDETA','VERGE','F',17,4),(18010693,'ISABEL EULALIA','MOLINA','ORPEZ','F',8,9),(18024912,'JULIO IGNACIO','BELDEAN','RENGEL','F',15,6),(18051971,'JESUS ISIDRO','EL MESBAHI','NORTE','M',11,6),(18063422,'VALERIA FERNANDA','SAJID','ESTACIO','M',4,4),(18063426,'WALTER ANDRES','PLANELLA','CADARSO','M',15,22),(18063687,'DIEGO ESTEBAN','BLANQUET','ORTIZ VILLAJOS','F',12,16),(18138270,'HERACLIO','GUITART','GRAD','M',15,20),(18170197,'RITA IRENE','IZTUETA','SABARICH','M',2,13),(18187084,'ROSA CARMEN','BRUZOS','NAVINES','F',12,17),(18210819,'YAAGOUB','COMALADA','GUARDE?O','M',8,16),(18224744,'DINA MARIA','GOYA','GERMAIN','F',7,4),(18247321,'MARIA OFIR','CUECO','CASELLES','F',10,21),(18263442,'MARIA ELIGIA','CASTERA','MEDAN','F',6,14),(18280991,'CARMELO','BARBU','COSTANZO','M',10,4),(18291029,'VICTOR JULIO','BRIZ','RUIZ SANTA QUITERIA','F',16,20),(18325983,'HAIYONG','ENCINA','ANDION','M',18,11),(18327377,'GEORGIY','KABA','DE LOS BUEIS','F',16,2),(18329186,'RAUL OSWALDO','CANARIO','EL MAIMOUNI','F',3,1),(18331101,'BEGO?A TERESA','PE?ARROCHA','RABOSO','F',7,2),(18343205,'VICENZO','BIEL','ESPINDOLA','F',7,21),(18370517,'TOQEER','MARZAL','ALMARCHE','M',14,16),(18381172,'SORIN IOAN','SAIZ','PELAYO','F',16,15),(18381488,'DOAE','MAJID','SANDIA','M',12,13),(18394234,'FRANCISCA BELEN','VITERI','MAYOL','F',11,10),(18395461,'MANUEL GERMAN','MIRASIERRA','LACUEVA','F',18,19),(18397704,'GABRIEL ANTONI','TANASESCU','GUIJORRO','M',5,3),(18467010,'VICENTE RAMON','PARKER','OLIVE','M',6,8),(18552942,'MAYLA','BOIZA','MAHFOUD','M',13,16),(18563924,'MARFIL','IRLES','TABOADA','F',6,6),(18639415,'RAFAEL ALEJANDRO','HOYA','IGEA','M',6,15),(18652655,'EMILIA ASUNCION','FLEXAS','LUQUERO','F',3,17),(18667043,'PIADOSA','LAMAS','SALLARES','M',11,2),(18667768,'VANESSA BEATRIZ','EIRIN','CORDONES','M',10,18),(18682684,'ANITA MARIA','GARCIA DE LA VEGA','CABA?AS','F',5,19),(18719473,'FABIAN LUIS','SANNEH','MARTINENA','F',18,10),(18727346,'LUIS PORFIRIO','INESTAL','PEZO','F',4,1),(18730269,'STOYAN','BASALLOTE','IFTIKHAR','F',17,20),(18753959,'LILING','PUCHAL','GALILEA','F',18,19),(18769090,'NURIA MARTA','PUERTAS','PICOT','F',10,19),(18891971,'MAHAM','CICUENDEZ','OSA','M',12,5),(18923542,'MICHELLE ALEJANDRA','SORBET','TABANERA','M',14,8),(18945344,'OUIJDANE','MARRAHI','DEL BOSQUE','F',9,20);
/*!40000 ALTER TABLE `Alumno` ENABLE KEYS */;
UNLOCK TABLES;

--
-- Table structure for table `Asesor`
--

DROP TABLE IF EXISTS `Asesor`;
/*!40101 SET @saved_cs_client     = @@character_set_client */;
/*!40101 SET character_set_client = utf8 */;
CREATE TABLE `Asesor` (
  `AsesorId` int(11) NOT NULL,
  `AsesorTitulo` varchar(50) DEFAULT NULL,
  `AsesorNombre` varchar(50) DEFAULT NULL,
  `AsesorApellidoPaterno` varchar(25) DEFAULT NULL,
  `AsesorApellidoMaterno` varchar(25) DEFAULT NULL,
  `AsesorGeneroId` char(1) DEFAULT NULL,
  `AsesorTelefono` char(10) DEFAULT NULL,
  `AsesorCorreoElectronico` varchar(50) DEFAULT NULL,
  PRIMARY KEY (`AsesorId`),
  KEY `AsesorGeneroId` (`AsesorGeneroId`),
  CONSTRAINT `Asesor_ibfk_1` FOREIGN KEY (`AsesorGeneroId`) REFERENCES `Genero` (`GeneroId`),
  CONSTRAINT `Asesor_ibfk_2` FOREIGN KEY (`AsesorGeneroId`) REFERENCES `Genero` (`GeneroId`)
) ENGINE=InnoDB DEFAULT CHARSET=latin1;
/*!40101 SET character_set_client = @saved_cs_client */;

--
-- Dumping data for table `Asesor`
--

LOCK TABLES `Asesor` WRITE;
/*!40000 ALTER TABLE `Asesor` DISABLE KEYS */;
INSERT INTO `Asesor` VALUES (1,'esquinado','CAROLINO','GARBAJOSA','TORONDEL','F','6645562432','indiscernibleordenando@gmail.com'),(2,'caro','LUCAS MANUEL','BERNIS','CHIRILA','M','6646742161','gualderarodal?n@hotmail.com'),(3,'chilchote','BOYKA','MELIAN','ALTAMIRANO','M','6647052395','vespertiliopugilato@hotmail.com'),(4,'contraminar','JINHONG','KIS','OMAR','F','6640700401','fogosidadhombro@hotmail.com'),(5,'aguijador','MARLO','TELLERIA','TAULES','F','6647592351','curamag?eyatormentador@hotmail.com'),(6,'desasentar','BERTIN','OTAMENDI','ESCASO','M','6644728793','incomestiblemercal@gmail.com'),(7,'chich?n','KAROL VIVIANA','BUDIA','DE LA PISA','M','6643998128','cohetepije@yahoo.com'),(8,'moledor','SHUWEI','EL BASRI','VILLANUEVA','M','6641360387','celtistamis?rrimo@yahoo.com'),(9,'potos?','POMPEYO','BORRO','SAMPSON','M','6648007564','tagarinolavadero@hotmail.com'),(10,'caico','MARIA DELIA','BROX','PUNTER','M','6640474344','verdosorecle@hotmail.com'),(11,'terrapl?n','IRIDE','APRAIZ','VILAREGUT','F','6647615291','ceramitaazarandar@hotmail.com'),(12,'palanca','MOULAY ALI','TOME','ZALDUA','F','6640188881','lambeocaball?n@gmail.com'),(13,'moldeamiento','FRANCISCA ADELA','LANZO','MASDEVALL','F','6640441463','l?cumosobarbo@gmail.com'),(14,'?mbar','MILUDA','REN','ESCARCENA','F','6644983056','arramplarvino@yahoo.com'),(15,'zofra','IRIS ISABEL','CARRAL','MORANCHO','M','6648941935','alfaidaartoc?rpeo@gmail.com'),(16,'aganipeo','MANUEL JULIAN','HERRERIA','DANIELS','F','6644064747','embutidorincomunicabilidad@gmail.com'),(17,'derrotado','PAOLA VICTORIA','ARRESE','ATRIO','F','6646372601','galonistaargucia@hotmail.com'),(18,'restaurar','CRISTINA IRENE','PESQUER','ATENZA','M','6644342257','cariacontecidomallo@hotmail.com'),(19,'centilitro','STEFANIE','FIDALGO','RODRIGALVAREZ','M','6647354699','pol?mitapara@hotmail.com'),(20,'p?rvulo','JUAN EVANGELISTA','ALMERICH','GONZALEZ ALBO','M','6648716711','inconstanciaagilitar@yahoo.com'),(21,'arrapar','JACQUELINE MAR','TOLMOS','MICAELO','M','6648131096','impresionistaoxidar@hotmail.com'),(22,'coleadura','MARIUS VASILE','GADEA','PACHO','F','6646525148','secansaagam?@hotmail.com'),(23,'troquilo','SVEN','ZAMANILLO','BERMUDEZ','F','6646139914','marramaologis@gmail.com'),(24,'colorimetr?a','CAMILO EDUARDO','EL MEZIANI','FLETE','F','6649141906','excidiomachucar@gmail.com'),(25,'proximidad','CONCEPCION DOLORES','CAMBRE','ATAN','M','6641775816','landreprofazar@gmail.com'),(26,'amaitinar','LUIS CANDIDO','BELLAVISTA','RAMUDO','F','6647557665','abovedarchilpayate@hotmail.com'),(27,'cuquillo','SANDRA ANA','CORTIGUERA','SAVA','M','6644440369','barberaconsueto@hotmail.com'),(28,'fenotipo','AVETIK','TOROSIO','FANDI?O','F','6649163958','cachilaacuartelado@hotmail.com'),(29,'respigador','SANTIAGO ANTON','OCAMPO','REYNOLDS','M','6647073385','secanoadormidera@hotmail.com'),(30,'fruslero','EDISON ANTONIO','NALI','SAGASTIZABAL','M','6644731333','cunamalasangre@yahoo.com');
/*!40000 ALTER TABLE `Asesor` ENABLE KEYS */;
UNLOCK TABLES;

--
-- Table structure for table `Carrera`
--

DROP TABLE IF EXISTS `Carrera`;
/*!40101 SET @saved_cs_client     = @@character_set_client */;
/*!40101 SET character_set_client = utf8 */;
CREATE TABLE `Carrera` (
  `CarreraId` tinyint(4) NOT NULL,
  `CarreraNombreAbreviado` varchar(25) DEFAULT NULL,
  `CarreraNombreCompleto` varchar(50) DEFAULT NULL,
  PRIMARY KEY (`CarreraId`)
) ENGINE=InnoDB DEFAULT CHARSET=latin1;
/*!40101 SET character_set_client = @saved_cs_client */;

--
-- Dumping data for table `Carrera`
--

LOCK TABLES `Carrera` WRITE;
/*!40000 ALTER TABLE `Carrera` DISABLE KEYS */;
INSERT INTO `Carrera` VALUES (1,'Arquitectura','Arquitectura'),(2,'Contador P?blico','Contador P?blico'),(3,'Ing. Ambiental','Ing. Ambiental'),(4,'Ing. Biom?dica','Ing. Biom?dica'),(5,'Ing. Bioqu?mica','Ing. Bioqu?mica'),(6,'Ing. Civil','Ing. Civil'),(7,'Ing. Electromec?nica','Ing. Electromec?nica'),(8,'Ing. Electr?nica','Ing. Electr?nica'),(9,'Ing. en Aeron?utica','Ing. en Aeron?utica'),(10,'Ing. en Dise?o Industrial','Ing. en Dise?o Industrial'),(11,'Ing. en Gesti?n Empresari','Ing. en Gesti?n Empresarial'),(12,'Ing. Inform?tica','Ing. Inform?tica'),(13,'Ing. en Log?stica','Ing. en Log?stica'),(14,'Ing. en Nanotecnolog?a','Ing. en Nanotecnolog?a'),(15,'Ing. en Sistemas Computac','Ing. en Sistemas Computacionales'),(16,'Ing. Industrial','Ing. Industrial'),(17,'Ing. Qu?mica','Ing. Qu?mica'),(18,'Ing. Mec?nica','Ing. Mec?nica'),(19,'Lic. en Administraci?n','Lic. en Administraci?n');
/*!40000 ALTER TABLE `Carrera` ENABLE KEYS */;
UNLOCK TABLES;

--
-- Table structure for table `Categoria`
--

DROP TABLE IF EXISTS `Categoria`;
/*!40101 SET @saved_cs_client     = @@character_set_client */;
/*!40101 SET character_set_client = utf8 */;
CREATE TABLE `Categoria` (
  `CategoriaId` tinyint(4) NOT NULL,
  `CategoriaDescripcion` varchar(25) DEFAULT NULL,
  PRIMARY KEY (`CategoriaId`)
) ENGINE=InnoDB DEFAULT CHARSET=latin1;
/*!40101 SET character_set_client = @saved_cs_client */;

--
-- Dumping data for table `Categoria`
--

LOCK TABLES `Categoria` WRITE;
/*!40000 ALTER TABLE `Categoria` DISABLE KEYS */;
INSERT INTO `Categoria` VALUES (1,'aguacatal'),(2,'lenteja'),(3,'camoat?'),(4,'butifarrero'),(5,'anim?lculo'),(6,'pot?sico'),(7,'cald?n'),(8,'perchero'),(9,'andrajosamente'),(10,'taguara'),(11,'teratol?gico'),(12,'aguazal'),(13,'piratear'),(14,'albano'),(15,'resunta'),(16,'pufo'),(17,'fonolita'),(18,'jumenta'),(19,'narratorio'),(20,'seriar');
/*!40000 ALTER TABLE `Categoria` ENABLE KEYS */;
UNLOCK TABLES;

--
-- Table structure for table `Encargado`
--

DROP TABLE IF EXISTS `Encargado`;
/*!40101 SET @saved_cs_client     = @@character_set_client */;
/*!40101 SET character_set_client = utf8 */;
CREATE TABLE `Encargado` (
  `EncargadoId` int(11) NOT NULL,
  `EncargadoTelefono` char(10) DEFAULT NULL,
  `EncargadoCorreoElectronico` varchar(50) DEFAULT NULL,
  PRIMARY KEY (`EncargadoId`)
) ENGINE=InnoDB DEFAULT CHARSET=latin1;
/*!40101 SET character_set_client = @saved_cs_client */;

--
-- Dumping data for table `Encargado`
--

LOCK TABLES `Encargado` WRITE;
/*!40000 ALTER TABLE `Encargado` DISABLE KEYS */;
INSERT INTO `Encargado` VALUES (10021066,'6644594112','angustiosopalancada@hotmail.com'),(10036348,'6642911397','doblementechacal@yahoo.com'),(10051872,'6641005677','inmortificadoherc?leo@hotmail.com'),(10068185,'6641769896','pajilraqu?tico@yahoo.com'),(10085427,'6642955450','malmiradoinsonoridad@hotmail.com'),(10093104,'6643543204','sudsudoesteobstaculizar@hotmail.com'),(10098678,'6640483914','mundanearcosech?n@hotmail.com'),(10151639,'6646998472','estrelleradesincorporar@hotmail.com'),(10166707,'6646583477','harbullistadespensero@hotmail.com'),(10191425,'6644356701','conllevadordilacerar@yahoo.com'),(10205698,'6642528828','emperoveracidad@hotmail.com'),(10224664,'6649679219','mateartipogr?fico@yahoo.com'),(10235973,'6646800451','candidaci?nesclav?n@gmail.com'),(10267095,'6642397173','correteadapollastro@yahoo.com'),(10277508,'6645178166','saodesentierro@hotmail.com'),(10293831,'6649397377','cauceparadis?aco@hotmail.com'),(10303825,'6649931974','carapatodesvanecedor@hotmail.com'),(10307631,'6645684218','fondueapoteca@hotmail.com'),(10343553,'6642668632','oct?podosubjetivismo@gmail.com'),(10343595,'6649974553','minadacorintio@hotmail.com'),(10372773,'6645715414','perendengueinocentemente@gmail.com'),(10398063,'6648978943','piensolaxar@hotmail.com'),(10413996,'6643166463','carrozardisertante@hotmail.com'),(10456106,'6645425768','lanolinabotoner?a@hotmail.com'),(10459397,'6642613146','condalcerito@hotmail.com'),(10463018,'6642488902','salicoradrado@yahoo.com'),(10504608,'6649422174','rebenquemonopat?n@yahoo.com'),(10548553,'6646677996','retrasardonju?n@hotmail.com'),(10579546,'6642984346','brezaljacarear@gmail.com'),(10589601,'6643843992','ci?nagayunto@gmail.com');
/*!40000 ALTER TABLE `Encargado` ENABLE KEYS */;
UNLOCK TABLES;

--
-- Table structure for table `Equipo`
--

DROP TABLE IF EXISTS `Equipo`;
/*!40101 SET @saved_cs_client     = @@character_set_client */;
/*!40101 SET character_set_client = utf8 */;
CREATE TABLE `Equipo` (
  `EquipoId` int(11) NOT NULL,
  `EquipoAsesorId` int(11) DEFAULT NULL,
  `EquipoEncargadoId` int(11) DEFAULT NULL,
  PRIMARY KEY (`EquipoId`),
  KEY `EquipoAsesorId` (`EquipoAsesorId`),
  KEY `EquipoEncargadoId` (`EquipoEncargadoId`),
  CONSTRAINT `Equipo_ibfk_1` FOREIGN KEY (`EquipoAsesorId`) REFERENCES `Asesor` (`AsesorId`),
  CONSTRAINT `Equipo_ibfk_2` FOREIGN KEY (`EquipoEncargadoId`) REFERENCES `Encargado` (`EncargadoId`)
) ENGINE=InnoDB DEFAULT CHARSET=latin1;
/*!40101 SET character_set_client = @saved_cs_client */;

--
-- Dumping data for table `Equipo`
--

LOCK TABLES `Equipo` WRITE;
/*!40000 ALTER TABLE `Equipo` DISABLE KEYS */;
INSERT INTO `Equipo` VALUES (1,1,10021066),(2,2,10036348),(3,3,10051872),(4,4,10068185),(5,5,10085427),(6,6,10093104),(7,7,10098678),(8,8,10151639),(9,9,10166707),(10,10,10191425),(11,11,10205698),(12,12,10224664),(13,13,10235973),(14,14,10267095),(15,15,10277508),(16,16,10293831),(17,17,10303825),(18,18,10307631),(19,19,10343553),(20,20,10343595),(21,21,10372773),(22,22,10398063),(23,23,10413996),(24,24,10456106),(25,25,10459397),(26,26,10463018),(27,27,10504608),(28,28,10548553),(29,29,10579546),(30,30,10589601);
/*!40000 ALTER TABLE `Equipo` ENABLE KEYS */;
UNLOCK TABLES;

--
-- Table structure for table `Estado`
--

DROP TABLE IF EXISTS `Estado`;
/*!40101 SET @saved_cs_client     = @@character_set_client */;
/*!40101 SET character_set_client = utf8 */;
CREATE TABLE `Estado` (
  `EstadoId` tinyint(4) NOT NULL,
  `EstadoNombreAbreviado` varchar(25) DEFAULT NULL,
  `EstadoNombreCompleto` varchar(50) DEFAULT NULL,
  PRIMARY KEY (`EstadoId`)
) ENGINE=InnoDB DEFAULT CHARSET=latin1;
/*!40101 SET character_set_client = @saved_cs_client */;

--
-- Dumping data for table `Estado`
--

LOCK TABLES `Estado` WRITE;
/*!40000 ALTER TABLE `Estado` DISABLE KEYS */;
INSERT INTO `Estado` VALUES (1,'Aguascalientes','Aguascalientes'),(2,'Baja California','Baja California'),(3,'Colima','Colima'),(4,'Chihuahua','Chihuahua'),(5,'Baja California Sur','Baja California Sur'),(6,'Campeche','Campeche'),(7,'Veracruz de Ignacio de la','Veracruz de Ignacio de la Llave'),(8,'Yucatan','Yucatan'),(9,'Chiapas','Chiapas'),(10,'Zacatecas','Zacatecas'),(11,'Guanajuato','Guanajuato'),(12,'Hidalgo','Hidalgo'),(13,'Durango','Durango'),(14,'Jalisco','Jalisco'),(15,'Coahuila de Zaragoza','Coahuila de Zaragoza'),(16,'Morelos','Morelos'),(17,'Mixico','Mixico'),(18,'Michoacan de Ocampo','Michoacan de Ocampo'),(19,'Oaxaca','Oaxaca'),(20,'Puebla','Puebla'),(21,'Nayarit','Nayarit'),(22,'Nuevo Lesn','Nuevo Lesn'),(23,'San Luis Potosm','San Luis Potosm'),(24,'Queritaro','Queritaro'),(25,'Tabasco','Tabasco'),(26,'Quintana Roo','Quintana Roo'),(27,'Tamaulipas','Tamaulipas'),(28,'Sinaloa','Sinaloa'),(29,'Distrito Federal','Distrito Federal'),(30,'Guerrero','Guerrero'),(31,'Tlaxcala','Tlaxcala'),(32,'Sonora','Sonora');
/*!40000 ALTER TABLE `Estado` ENABLE KEYS */;
UNLOCK TABLES;

--
-- Table structure for table `Genero`
--

DROP TABLE IF EXISTS `Genero`;
/*!40101 SET @saved_cs_client     = @@character_set_client */;
/*!40101 SET character_set_client = utf8 */;
CREATE TABLE `Genero` (
  `GeneroId` char(1) NOT NULL,
  `GeneroDescripcion` varchar(9) NOT NULL,
  PRIMARY KEY (`GeneroId`)
) ENGINE=InnoDB DEFAULT CHARSET=latin1;
/*!40101 SET character_set_client = @saved_cs_client */;

--
-- Dumping data for table `Genero`
--

LOCK TABLES `Genero` WRITE;
/*!40000 ALTER TABLE `Genero` DISABLE KEYS */;
INSERT INTO `Genero` VALUES ('F','Femenino'),('M','Masculino');
/*!40000 ALTER TABLE `Genero` ENABLE KEYS */;
UNLOCK TABLES;

--
-- Table structure for table `Miembro`
--

DROP TABLE IF EXISTS `Miembro`;
/*!40101 SET @saved_cs_client     = @@character_set_client */;
/*!40101 SET character_set_client = utf8 */;
CREATE TABLE `Miembro` (
  `MiembroId` int(11) NOT NULL,
  `MiembroEquipoId` int(11) DEFAULT NULL,
  `MiembroAlumnoId` int(11) DEFAULT NULL,
  PRIMARY KEY (`MiembroId`),
  KEY `MiembroEquipoId` (`MiembroEquipoId`),
  KEY `MiembroAlumnoId` (`MiembroAlumnoId`),
  CONSTRAINT `Miembro_ibfk_1` FOREIGN KEY (`MiembroEquipoId`) REFERENCES `Equipo` (`EquipoId`),
  CONSTRAINT `Miembro_ibfk_2` FOREIGN KEY (`MiembroAlumnoId`) REFERENCES `Alumno` (`AlumnoId`)
) ENGINE=InnoDB DEFAULT CHARSET=latin1;
/*!40101 SET character_set_client = @saved_cs_client */;

--
-- Dumping data for table `Miembro`
--

LOCK TABLES `Miembro` WRITE;
/*!40000 ALTER TABLE `Miembro` DISABLE KEYS */;
INSERT INTO `Miembro` VALUES (1,1,10819004),(2,1,10826154),(3,1,10859541),(4,1,10869805),(5,2,10879999),(6,2,10890938),(7,2,10915572),(8,2,10957648),(9,3,10971852),(10,3,10994860),(11,3,11046967),(12,3,11048024),(13,4,11060583),(14,4,11090183),(15,4,11127887),(16,4,11189096),(17,5,11193795),(18,5,11206857),(19,5,11212191),(20,5,11213612),(21,6,11271817),(22,6,11284992),(23,6,11285760),(24,6,11336509),(25,7,11346974),(26,7,11359263),(27,7,11364996),(28,7,11368396),(29,8,11398352),(30,8,11401192),(31,8,11431546),(32,8,11480035),(33,9,11489606),(34,9,11497842),(35,9,11512831),(36,9,11535079),(37,10,11537922),(38,10,11566887),(39,10,11580809),(40,10,11582313),(41,11,11589225),(42,11,11590667),(43,11,11593438),(44,11,11641639),(45,12,11679022),(46,12,11730503),(47,12,11793911),(48,12,11806878),(49,13,11822348),(50,13,11822586),(51,13,11905594),(52,13,11966116),(53,14,11970798),(54,14,11987941),(55,14,12007899),(56,14,12008919),(57,15,12018160),(58,15,12018534),(59,15,12033322),(60,15,12041483),(61,16,12041897),(62,16,12049271),(63,16,12076389),(64,16,12084139),(65,17,12092261),(66,17,12092486),(67,17,12143573),(68,17,12158128),(69,18,12174782),(70,18,12175780),(71,18,12198423),(72,18,12199764),(73,19,12199784),(74,19,12245606),(75,19,12276752),(76,19,12392946),(77,20,12467927),(78,20,12471283),(79,20,12473428),(80,20,12482659),(81,21,12511719),(82,21,12537867),(83,21,12553959),(84,21,12570303),(85,22,12575522),(86,22,12603893),(87,22,12611044),(88,22,12625715),(89,23,12636776),(90,23,12651849),(91,23,12670714),(92,23,12673529),(93,24,12691952),(94,24,12701439),(95,24,12707319),(96,24,12725666),(97,25,12771639),(98,25,12781080),(99,25,12793362),(100,25,12798172),(101,26,12871867),(102,26,12901078),(103,26,12937238),(104,26,12948969),(105,27,12949670),(106,27,12961404),(107,27,12968599),(108,27,12982084),(109,28,13026109),(110,28,13035392),(111,28,13047785),(112,28,13060112),(113,29,13129765),(114,29,13135055),(115,29,13144049),(116,29,13326716),(117,30,13372331),(118,30,13381922),(119,30,13382501),(120,30,13397201);
/*!40000 ALTER TABLE `Miembro` ENABLE KEYS */;
UNLOCK TABLES;

--
-- Table structure for table `Municipio`
--

DROP TABLE IF EXISTS `Municipio`;
/*!40101 SET @saved_cs_client     = @@character_set_client */;
/*!40101 SET character_set_client = utf8 */;
CREATE TABLE `Municipio` (
  `MunicipioId` smallint(6) NOT NULL,
  `MunicipioNombreAbreviado` varchar(25) DEFAULT NULL,
  `MunicipioNombreCompleto` varchar(50) DEFAULT NULL,
  `MunicipioEstadoId` tinyint(4) DEFAULT NULL,
  PRIMARY KEY (`MunicipioId`),
  KEY `MunicipioEstadoId` (`MunicipioEstadoId`),
  CONSTRAINT `Municipio_ibfk_1` FOREIGN KEY (`MunicipioEstadoId`) REFERENCES `Estado` (`EstadoId`)
) ENGINE=InnoDB DEFAULT CHARSET=latin1;
/*!40101 SET character_set_client = @saved_cs_client */;

--
-- Dumping data for table `Municipio`
--

LOCK TABLES `Municipio` WRITE;
/*!40000 ALTER TABLE `Municipio` DISABLE KEYS */;
INSERT INTO `Municipio` VALUES (1,'Aguascalientes','Aguascalientes',1),(2,'Ensenada','Ensenada',2),(3,'Calkinm','Calkinm',6),(4,'Asientos','Asientos',1),(5,'Campeche','San Francisco de Campeche',6),(6,'Mexicali','Mexicali',2),(7,'Calvillo','Calvillo',1),(8,'Armerma','Ciudad de Armerma',3),(9,'Aconchi','Aconchi',32),(10,'Comondz','Ciudad Constitucisn',5),(11,'Abala','Abala',8),(12,'Ahualulco','Ahualulco del Sonido 13',23),(13,'Canatlan','Canatlan',13),(14,'Abasolo','Abasolo',11),(15,'Ahumada','Miguel Ahumada',4),(16,'Abasolo','Abasolo',27),(17,'Acacoyagua','Acacoyagua',9),(18,'Acuitzio','Acuitzio del Canje',18),(19,'Amealco de Bonfil','Amealco de Bonfil',24),(20,'Acatic','Acatic',14),(21,'Acambay de Rumz Castaqeda','Villa de Acambay de Rumz Castaqeda',17),(22,'Abejones','Abejones',19),(23,'Amacuzac','Amacuzac',16),(24,'Abasolo','Abasolo',15),(25,'Ahome','Los Mochis',28),(26,'Carmen','Ciudad del Carmen',6),(27,'Abasolo','Abasolo',22),(28,'Acajete','Acajete',20),(29,'Cozumel','Cozumel',26),(30,'Acaponeta','Acaponeta',21),(31,'Amaxac de Guerrero','Amaxac de Guerrero',31),(32,'Acapulco de Juarez','Acapulco de Juarez',30),(33,'Balancan','Balancan',25),(34,'Apozol','Apozol',10),(35,'Acajete','Acajete',7),(36,'Acatlan','Acatlan',12),(37,'Tecate','Tecate',2),(38,'Azcapotzalco','',29),(39,'Cosmo','Cosmo',1),(40,'Ahuacatlan','Ahuacatlan',21),(41,'Mulegi','Santa Rosalma',5),(42,'Pinal de Amoles','Pinal de Amoles',24),(43,'Agua Prieta','Agua Prieta',32),(44,'Acatlan de Juarez','Acatlan de Juarez',14),(45,'Acambaro','Acambaro',11),(46,'Canelas','Canelas',13),(47,'Acatlan','Acatlan',7),(48,'Acala','Acala',9),(49,'Acolman','Acolman de Nezahualcsyotl',17),(50,'Acatlan de Pirez Figueroa','Acatlan de Pirez Figueroa',19),(51,'Atlatlahucan','Atlatlahucan',16),(52,'Aguililla','Aguililla',18),(53,'Agualeguas','Agualeguas',22),(54,'Acanceh','Acanceh',8),(55,'Acaxochitlan','Acaxochitlan',12),(56,'Acateno','San Josi Acateno',20),(57,'Champotsn','Champotsn',6),(58,'Ahuacuotzingo','Ahuacuotzingo',30),(59,'Aldama','Aldama',27),(60,'Angostura','Angostura',28),(61,'Alaquines','Alaquines',23),(62,'Felipe Carrillo Puerto','Felipe Carrillo Puerto',26),(63,'Acuqa','Ciudad Acuqa',15),(64,'Cardenas','Cardenas',25),(65,'Tijuana','Tijuana',2),(66,'Coyoacan','',29),(67,'Aldama','Juan Aldama',4),(68,'Apetatitlan de Antonio Ca','Apetatitlan',31),(69,'Colima','Colima',3),(70,'Apulco','Apulco',10),(71,'Jeszs Marma','Jeszs Marma',1),(72,'Akil','Akil',8),(73,'Acapetahua','Acapetahua',9),(74,'Playas de Rosarito','Playas de Rosarito',2),(75,'Atlangatepec','Atlangatepec',31),(76,'Acayucan','Acayucan',7),(77,'Alvaro Obregsn','Alvaro Obregsn',18),(78,'Ajuchitlan del Progreso','Ajuchitlan del Progreso',30),(79,'Asuncisn Cacalotepec','Asuncisn Cacalotepec',19),(80,'Aquismsn','Aquismsn',23),(81,'Los Aldamas','Los Aldamas',22),(82,'Ahualulco de Mercado','Ahualulco de Mercado',14),(83,'Acatlan','Acatlan de Osorio',20),(84,'Atolinga','Atolinga',10),(85,'Allende','Allende',15),(86,'Aculco','Aculco de Espinoza',17),(87,'Actopan','Actopan',12),(88,'Isla Mujeres','Isla Mujeres',26),(89,'Allende','Valle de Ignacio Allende',4),(90,'San Miguel de Allende','San Miguel de Allende',11),(91,'Badiraguato','Badiraguato',28),(92,'La Paz','La Paz',5),(93,'Alamos','Alamos',32),(94,'Amatlan de Caqas','Amatlan de Caqas',21),(95,'Arroyo Seco','Arroyo Seco',24),(96,'Coneto de Comonfort','Coneto de Comonfort',13),(97,'Axochiapan','Axochiapan',16),(98,'Altamira','Altamira',27),(99,'Hecelchakan','Hecelchakan',6),(100,'Comala','Comala',3),(101,'Cuajimalpa de Morelos','',29),(102,'Centla','Frontera',25),(103,'Pabellsn de Arteaga','Pabellsn de Arteaga',1),(104,'Allende','Ciudad de Allende',22),(105,'Altamirano','Altamirano',9),(106,'Almoloya de Alquisiras','Almoloya de Alquisiras',17),(107,'Cuencami','Cuencami de Ceniceros',13),(108,'Coquimatlan','Coquimatlan',3),(109,'Aquiles Serdan','Santa Eulalia',4),(110,'Atltzayanca','Atlzayanca',31),(111,'Cadereyta de Montes','Cadereyta de Montes',24),(112,'Altar','Altar',32),(113,'Armadillo de los Infante','Armadillo de los Infante',23),(114,'Actopan','Actopan',7),(115,'Hopelchin','Hopelchin',6),(116,'Acatzingo','Acatzingo de Hidalgo',20),(117,'Los Cabos','San Josi del Cabo',5),(118,'Asuncisn Cuyotepeji','Asuncisn Cuyotepeji',19),(119,'Compostela','Compostela',21),(120,'Apaseo el Alto','Apaseo el Alto',11),(121,'Ayala','Ciudad Ayala',16),(122,'Antiguo Morelos','Antiguo Morelos',27),(123,'Alcozauca de Guerrero','Alcozauca de Guerrero',30),(124,'Baca','Baca',8),(125,'Amacueca','Amacueca',14),(126,'Othsn P. Blanco','Chetumal',26),(127,'Arteaga','Arteaga',15),(128,'Centro','Villahermosa',25),(129,'Concordia','Concordia',28),(130,'Agua Blanca de Iturbide','Agua Blanca Iturbide',12),(131,'Benito Juarez','Florencia',10),(132,'Angamacutiro','Angamacutiro de la Unisn',18),(133,'Gustavo A. Madero','',29),(134,'Rincsn de Romos','Rincsn de Romos',1),(135,'Apaseo el Grande','Apaseo el Grande',11),(136,'Apizaco','Ciudad de Apizaco',31),(137,'Arivechi','Arivechi',32),(138,'Bokoba','Bokoba',8),(139,'Cardenas','Cardenas',23),(140,'Benito Juarez','Canczn',26),(141,'Loreto','Loreto',5),(142,'Acteopan','Acteopan',20),(143,'Almoloya de Juarez','Villa de Almoloya de Juarez',17),(144,'Asuncisn Ixtaltepec','Asuncisn Ixtaltepec',19),(145,'Durango','Victoria de Durango',13),(146,'Candela','Candela',15),(147,'Coatlan del Rmo','Coatlan del Rmo',16),(148,'Burgos','Burgos',27),(149,'Cosala','Cosala',28),(150,'Amatitan','Amatitan',14),(151,'Ajacuba','Ajacuba',12),(152,'Acula','Acula',7),(153,'Anahuac','Anahuac',22),(154,'Ascensisn','Ascensisn',4),(155,'Cuauhtimoc','Cuauhtimoc',3),(156,'Alpoyeca','Alpoyeca',30),(157,'Palizada','Palizada',6),(158,'Iztacalco','',29),(159,'Huajicori','Huajicori',21),(160,'Colsn','Colsn',24),(161,'Angangueo','Mineral de Angangueo',18),(162,'Calera','Vmctor Rosales',10),(163,'Amatan','Amatan',9),(164,'Comalcalco','Comalcalco',25),(165,'San Josi de Gracia','San Josi de Gracia',1),(166,'Atarjea','Atarjea',11),(167,'Ahuacatlan','Ahuacatlan',20),(168,'Alfajayucan','Alfajayucan',12),(169,'Josi Marma Morelos','Josi Marma Morelos',26),(170,'Tenabo','Tenabo',6),(171,'Apatzingan','Apatzingan de la Constitucisn',18),(172,'Catorce','Real de Catorce',23),(173,'Calpulalpan','Calpulalpan',31),(174,'Arizpe','Arizpe',32),(175,'Almoloya del Rmo','Almoloya del Rmo',17),(176,'Acultzingo','Acultzingo',7),(177,'Culiacan','Culiacan Rosales',28),(178,'Asuncisn Nochixtlan','Asuncisn Nochixtlan',19),(179,'Ameca','Ameca',14),(180,'Castaqos','Castaqos',15),(181,'Cuautla','Cuautla',16),(182,'Bustamante','Bustamante',27),(183,'Caqitas de Felipe Pescado','Caqitas de Felipe Pescador',10),(184,'Apaxtla','Ciudad Apaxtla de Castrejsn',30),(185,'Ixtlan del Rmo','Ixtlan del Rmo',21),(186,'Apodaca','Ciudad Apodaca',22),(187,'Buctzotz','Buctzotz',8),(188,'Corregidora','El Pueblito',24),(189,'Amatenango de la Frontera','Amatenango de la Frontera',9),(190,'Ixtlahuacan','Ixtlahuacan',3),(191,'General Simsn Bolmvar','General Simsn Bolmvar',13),(192,'Bachmniva','Bachmniva',4),(193,'Iztapalapa','',29),(194,'Cunduacan','Cunduacan',25),(195,'Tepezala','Tepezala',1),(196,'Aporo','Aporo',18),(197,'Gsmez Palacio','Gsmez Palacio',13),(198,'El Carmen Tequexquitla','Villa de El Carmen Tequexquitla',31),(199,'La Magdalena Contreras','',29),(200,'Camarsn de Tejeda','Camarsn de Tejeda',7),(201,'Cedral','Cedral',23),(202,'Choix','Choix',28),(203,'Atil','Atil',32),(204,'Cuatro Ciinegas','Cuatro Ciinegas de Carranza',15),(205,'San Juanito de Escobedo','San Juanito de Escobedo',14),(206,'Celaya','Celaya',11),(207,'Lazaro Cardenas','Kantunilkmn',26),(208,'Asuncisn Ocotlan','Asuncisn Ocotlan',19),(209,'Cuernavaca','Cuernavaca',16),(210,'Balleza','Mariano Balleza',4),(211,'Ahuatlan','Ahuatlan',20),(212,'Escarcega','Escarcega',6),(213,'Arcelia','Arcelia',30),(214,'Jala','Jala',21),(215,'Camargo','Ciudad Camargo',27),(216,'Aramberri','Aramberri',22),(217,'Concepcisn del Oro','Concepcisn del Oro',10),(218,'Cacalchin','Cacalchin',8),(219,'Manzanillo','Manzanillo',3),(220,'Amatenango del Valle','Amatenango del Valle',9),(221,'Almoloya','Almoloya',12),(222,'Amanalco','Amanalco de Becerra',17),(223,'Emiliano Zapata','Emiliano Zapata',25),(224,'Ezequiel Montes','Ezequiel Montes',24),(225,'El Llano','Palo Alto',1),(226,'Minatitlan','Minatitlan',3),(227,'Bacadihuachi','Bacadihuachi',32),(228,'Solidaridad','Playa del Carmen',26),(229,'Cuauhtimoc','San Pedro Piedra Gorda',10),(230,'Apan','Apan',12),(231,'Escobedo','Escobedo',15),(232,'Elota','La Cruz',28),(233,'Ahuazotepec','Ahuazotepec',20),(234,'Manuel Doblado','Ciudad Manuel Doblado',11),(235,'Amatepec','Amatepec',17),(236,'Aquila','Aquila',18),(237,'Asuncisn Tlacolulita','Asuncisn Tlacolulita',19),(238,'Xalisco','Xalisco',21),(239,'Casas','Casas',27),(240,'Guadalupe Victoria','Guadalupe Victoria',13),(241,'Bustamante','Bustamante',22),(242,'Arandas','Arandas',14),(243,'Alpatlahuac','Alpatlahuac',7),(244,'Calotmul','Calotmul',8),(245,'Milpa Alta','',29),(246,'Angel Albino Corzo','Jaltenango de la Paz (Angel Albino Corzo)',9),(247,'Atenango del Rmo','Atenango del Rmo',30),(248,'Batopilas','Batopilas',4),(249,'Cuapiaxtla','Cuapiaxtla',31),(250,'Huimanguillo','Huimanguillo',25),(251,'Cerritos','Cerritos',23),(252,'Huimilpan','Huimilpan',24),(253,'Emiliano Zapata','Emiliano Zapata',16),(254,'Calakmul','Xpujil',6),(255,'San Francisco de los Romo','San Francisco de los Romo',1),(256,'Comonfort','Comonfort',11),(257,'Ahuehuetitla','Ahuehuetitla',20),(258,'Tulum','Tulum',26),(259,'Escuinapa','Escuinapa de Hidalgo',28),(260,'Ciudad Madero','Ciudad Madero',27),(261,'Amecameca','Amecameca de Juarez',17),(262,'Bacanora','Bacanora',32),(263,'Alto Lucero de Gutiirrez ','Alto Lucero',7),(264,'Candelaria','Candelaria',6),(265,'Del Nayar','Jeszs Marma',21),(266,'Francisco I. Madero','Francisco I. Madero (Chavez)',15),(267,'Huitzilac','Huitzilac',16),(268,'Cadereyta Jiminez','Cadereyta Jiminez',22),(269,'Guanacevm','Guanacevm',13),(270,'Cansahcab','Cansahcab',8),(271,'El Arenal','El Arenal',14),(272,'Chalchihuites','Chalchihuites',10),(273,'Bocoyna','Bocoyna',4),(274,'Jalpan de Serra','Jalpan de Serra',24),(275,'Cerro de San Pedro','Cerro de San Pedro',23),(276,'Arriaga','Arriaga',9),(277,'Atlamajalcingo del Monte','Atlamajalcingo del Monte',30),(278,'Alvaro Obregsn','',29),(279,'Tecoman','Tecoman',3),(280,'Cuaxomulco','Cuaxomulco',31),(281,'El Arenal','El Arenal',12),(282,'Ario','Ario de Rosales',18),(283,'Ayotzintepec','Ayotzintepec',19),(284,'Jalapa','Jalapa',25),(285,'Coroneo','Coroneo',11),(286,'Apaxco','Apaxco de Ocampo',17),(287,'Cruillas','Cruillas',27),(288,'El Fuerte','El Fuerte',28),(289,'Atitalaquia','Atitalaquia',12),(290,'Jalpa de Mindez','Jalpa de Mindez',25),(291,'El Barrio de la Soledad','El Barrio de la Soledad',19),(292,'El Carmen','Carmen',22),(293,'Jantetelco','Jantetelco',16),(294,'Hidalgo','Villa Hidalgo',13),(295,'Buenaventura','San Buenaventura',4),(296,'Ajalpan','Ciudad de Ajalpan',20),(297,'Fresnillo','Fresnillo',10),(298,'Frontera','Frontera',15),(299,'Atemajac de Brizuela','Atemajac de Brizuela',14),(300,'Atlixtac','Atlixtac',30),(301,'Landa de Matamoros','Landa de Matamoros',24),(302,'Bejucal de Ocampo','Bejucal de Ocampo',9),(303,'Altotonga','Altotonga',7),(304,'Chiautempan','Santa Ana Chiautempan',31),(305,'Bacalar','Bacalar',26),(306,'Rosamorada','Rosamorada',21),(307,'Villa de Alvarez','Ciudad de Villa de Alvarez',3),(308,'Ciudad del Mamz','Ciudad del Mamz',23),(309,'Cantamayec','Cantamayec',8),(310,'Arteaga','Arteaga',18),(311,'Bacerac','Bacerac',32),(312,'Tlahuac','',29),(313,'Cortazar','Cortazar',11),(314,'Atlapexco','Atlapexco',12),(315,'General Cepeda','General Cepeda',15),(316,'Bacoachi','Bacoachi',32),(317,'Indi','Indi',13),(318,'Briseqas','Briseqas de Matamoros',18),(319,'Jiutepec','Jiutepec',16),(320,'Trinidad Garcma de la Cad','Trinidad Garcma de la Cadena',10),(321,'Albino Zertuche','Acaxtlahuacan de Albino Zertuche',20),(322,'Jonuta','Jonuta',25),(323,'Atengo','Atengo',14),(324,'Cerralvo','Ciudad Cerralvo',22),(325,'Muqoz de Domingo Arenas','Muqoz',31),(326,'Camargo','Santa Rosalma de Camargo',4),(327,'Bella Vista','Bella Vista',9),(328,'Atoyac de Alvarez','Atoyac de Alvarez',30),(329,'Alvarado','Alvarado',7),(330,'El Marquis','La Caqada',24),(331,'Celestzn','Celestzn',8),(332,'Tlalpan','',29),(333,'Rumz','Rumz',21),(334,'Guasave','Guasave',28),(335,'Gsmez Farmas','Gsmez Farmas',27),(336,'Calihuala','Calihuala',19),(337,'Ciudad Fernandez','Ciudad Fernandez',23),(338,'Atenco','San Salvador Atenco',17),(339,'Cueramaro','Cueramaro',11),(340,'Atenguillo','Atenguillo',14),(341,'Carichm','Carichm',4),(342,'Jojutla','Jojutla',16),(343,'Espaqita','Espaqita',31),(344,'Atizapan','Santa Cruz Atizapan',17),(345,'Gonzalez','Gonzalez',27),(346,'Candelaria Loxicha','Candelaria Loxicha',19),(347,'Amatitlan','Amatitlan',7),(348,'Ciinega de Flores','Ciinega de Flores',22),(349,'Berriozabal','Berriozabal',9),(350,'Macuspana','Macuspana',25),(351,'Bacum','Bacum',32),(352,'Guerrero','Guerrero',15),(353,'Tancanhuitz','Tancanhuitz',23),(354,'Pedro Escobedo','Pedro Escobedo',24),(355,'Ayutla de los Libres','Ayutla de los Libres',30),(356,'Lerdo','Lerdo',13),(357,'Aljojuca','Aljojuca',20),(358,'San Blas','San Blas',21),(359,'Genaro Codina','Genaro Codina',10),(360,'Mazatlan','Mazatlan',28),(361,'Cenotillo','Cenotillo',8),(362,'Atotonilco el Grande','Atotonilco el Grande',12),(363,'Xochimilco','',29),(364,'Buenavista','Buenavista Tomatlan',18),(365,'Doctor Mora','Doctor Mora',11),(366,'Caracuaro','Caracuaro de Morelos',18),(367,'Hidalgo','Hidalgo',15),(368,'Banamichi','Banamichi',32),(369,'Ciudad Valles','Ciudad Valles',23),(370,'Naranjos Amatlan','Naranjos',7),(371,'G|imez','G|imez',27),(372,'Atotonilco el Alto','Atotonilco el Alto',14),(373,'China','China',22),(374,'Casas Grandes','Casas Grandes',4),(375,'Atizapan de Zaragoza','Ciudad Lspez Mateos',17),(376,'Jonacatepec','Jonacatepec',16),(377,'Huamantla','Huamantla',31),(378,'Altepexi','Altepexi',20),(379,'Peqamiller','Peqamiller',24),(380,'Atotonilco de Tula','Atotonilco de Tula',12),(381,'San Pedro Lagunillas','San Pedro Lagunillas',21),(382,'Azoyz','Azoyz',30),(383,'Ciinega de Zimatlan','Ciinega de Zimatlan',19),(384,'Mapimm','Mapimm',13),(385,'Bochil','Bochil',9),(386,'General Enrique Estrada','General Enrique Estrada',10),(387,'Benito Juarez','',29),(388,'Conkal','Conkal',8),(389,'Mocorito','Mocorito',28),(390,'Nacajuca','Nacajuca',25),(391,'Dolores Hidalgo Cuna de l','Dolores Hidalgo Cuna de la Independencia Nacional',11),(392,'Benito Juarez','San Jersnimo de Juarez',30),(393,'Ciudad Ixtepec','Ciudad Ixtepec',19),(394,'Rosario','El Rosario',28),(395,'Cuncunul','Cuncunul',8),(396,'Guerrero','Nueva Ciudad Guerrero',27),(397,'Hueyotlipan','Hueyotlipan',31),(398,'Coronado','Josi Esteban Coronado',4),(399,'Amatlan de los Reyes','Amatlan de los Reyes',7),(400,'Doctor Arroyo','Doctor Arroyo',22),(401,'Coahuayana','Coahuayana de Hidalgo',18),(402,'El Bosque','El Bosque',9),(403,'Queritaro','Santiago de Queritaro',24),(404,'Baviacora','Baviacora',32),(405,'Mazatepec','Mazatepec',16),(406,'Atoyac','Atoyac',14),(407,'Mezquital','San Francisco del Mezquital',13),(408,'Santa Marma del Oro','Santa Marma del Oro',21),(409,'General Francisco R. Murg','Nieves',10),(410,'Paramso','Paramso',25),(411,'Cuauhtimoc','',29),(412,'Amixtlan','Amixtlan',20),(413,'Atlacomulco','Atlacomulco de Fabela',17),(414,'Jiminez','Jiminez',15),(415,'Coxcatlan','Coxcatlan',23),(416,'Calnali','Calnali',12),(417,'Guanajuato','Guanajuato',11),(418,'Cuzama','Cuzama',8),(419,'Gustavo Dmaz Ordaz','Ciudad Gustavo Dmaz Ordaz',27),(420,'Charcas','Charcas',23),(421,'Bavispe','Bavispe',32),(422,'Juarez','Juarez',15),(423,'Cardonal','Cardonal',12),(424,'Autlan de Navarro','Autlan de Navarro',14),(425,'Buenavista de Cuillar','Buenavista de Cuillar',30),(426,'Coalcoman de Vazquez Pall','Coalcoman de Vazquez Pallares',18),(427,'Ixtacuixtla de Mariano Ma','Villa Mariano Matamoros',31),(428,'Coatecas Altas','Coatecas Altas',19),(429,'Doctor Coss','Doctor Coss',22),(430,'Cacahoatan','Cacahoatan',9),(431,'San Joaqumn','San Joaqumn',24),(432,'Angel R. Cabada','Angel R. Cabada',7),(433,'Amozoc','Amozoc de Mota',20),(434,'El Plateado de Joaqumn Am','El Plateado de Joaqumn Amaro',10),(435,'Miacatlan','Miacatlan',16),(436,'Atlautla','Atlautla de Victoria',17),(437,'Nazas','Nazas',13),(438,'Miguel Hidalgo','',29),(439,'Coyame del Sotol','Santiago de Coyame',4),(440,'Salvador Alvarado','Guamzchil',28),(441,'Santiago Ixcuintla','Santiago Ixcuintla',21),(442,'Tacotalpa','Tacotalpa',25),(443,'Huanmmaro','Huanmmaro',11),(444,'Coeneo','Coeneo de la Libertad',18),(445,'Lamadrid','Lamadrid',15),(446,'Aquixtla','Aquixtla',20),(447,'Hidalgo','Hidalgo',27),(448,'Nombre de Dios','Nombre de Dios',13),(449,'Teapa','Teapa',25),(450,'Ebano','Ebano',23),(451,'Coahuayutla de Josi Marma','Coahuayutla de Guerrero',30),(452,'Doctor Gonzalez','Doctor Gonzalez',22),(453,'General Panfilo Natera','General Panfilo Natera',10),(454,'Chacsinkmn','Chacsinkmn',8),(455,'Ocuituco','Ocuituco',16),(456,'San Juan del Rmo','San Juan del Rmo',24),(457,'Coicoyan de las Flores','Coicoyan de las Flores',19),(458,'La Cruz','La Cruz',4),(459,'Tecuala','Tecuala',21),(460,'Ayotlan','Ayotlan',14),(461,'San Ignacio','San Ignacio',28),(462,'Ixtenco','Ixtenco',31),(463,'Catazaja','Catazaja',9),(464,'Benjammn Hill','Benjammn Hill',32),(465,'La Antigua','Josi Cardel',7),(466,'Venustiano Carranza','',29),(467,'Axapusco','Axapusco',17),(468,'Cuautepec de Hinojosa','Cuautepec de Hinojosa',12),(469,'Irapuato','Irapuato',11),(470,'Mazatecochco de Josi Marm','Mazatecochco',31),(471,'Ayutla','Ayutla',14),(472,'Ayapango','Ayapango de Gabriel Ramos M.',17),(473,'Cocula','Cocula',30),(474,'Chankom','Chankom',8),(475,'Galeana','Galeana',22),(476,'Matamoros','Matamoros',15),(477,'Puente de Ixtla','Puente de Ixtla',16),(478,'Cuauhtimoc','Cuauhtimoc',4),(479,'Ocampo','Villa Ocampo',13),(480,'Atempan','Atempan',20),(481,'Tequisquiapan','Tequisquiapan',24),(482,'Jaumave','Jaumave',27),(483,'Tepic','Tepic',21),(484,'La Compaqma','La Compaqma',19),(485,'Guadalcazar','Guadalcazar',23),(486,'Guadalupe','Guadalupe',10),(487,'Caborca','Heroica Caborca',32),(488,'Chapantongo','Chapantongo',12),(489,'Apazapan','Apazapan',7),(490,'Tenosique','Tenosique de Pino Suarez',25),(491,'Sinaloa','Sinaloa de Leyva',28),(492,'Contepec','Contepec',18),(493,'Cintalapa','Cintalapa de Figueroa',9),(494,'Jaral del Progreso','Jaral del Progreso',11),(495,'Cusihuiriachi','Cusihuiriachi',4),(496,'La Barca','La Barca',14),(497,'Temixco','Temixco',16),(498,'Monclova','Monclova',15),(499,'Copala','Copala',30),(500,'Chapab','Chapab',8),(501,'El Oro','Santa Marma del Oro',13),(502,'Garcma','Garcma',22),(503,'Contla de Juan Cuamatzi','Contla',31),(504,'Atexcal','San Martmn Atexcal',20),(505,'Calimaya','Calimaya de Dmaz Gonzalez',17),(506,'Toliman','Toliman',24),(507,'Jiminez','Santander Jiminez',27),(508,'Navolato','Navolato',28),(509,'Tuxpan','Tuxpan',21),(510,'Aquila','Aquila',7),(511,'Cajeme','Ciudad Obregsn',32),(512,'Copandaro','Copandaro de Galeana',18),(513,'Concepcisn Buenavista','Concepcisn Buenavista',19),(514,'Huanusco','Huanusco',10),(515,'Chapulhuacan','Chapulhuacan',12),(516,'Huehuetlan','Huehuetlan',23),(517,'Coapilla','Coapilla',9),(518,'Jericuaro','Jericuaro',11),(519,'Bolaqos','Bolaqos',14),(520,'Tepetitla de Lardizabal','Tepetitla',31),(521,'Atlixco','Atlixco',20),(522,'Otaez','Otaez',13),(523,'Chemax','Chemax',8),(524,'Morelos','Morelos',15),(525,'Capulhuac','Capulhuac de Mirafuentes',17),(526,'Chihuahua','Chihuahua',4),(527,'Tepalcingo','Tepalcingo',16),(528,'San Pedro Garza Garcma','San Pedro Garza Garcma',22),(529,'Copalillo','Copalillo',30),(530,'Cotija','Cotija de la Paz',18),(531,'Astacinga','Astacinga',7),(532,'Concepcisn Papalo','Concepcisn Papalo',19),(533,'Lagunillas','Lagunillas',23),(534,'Chilcuautla','Chilcuautla',12),(535,'La Yesca','La Yesca',21),(536,'Llera','Llera de Canales',27),(537,'Comitan de Dommnguez','Comitan de Dommnguez',9),(538,'Cananea','Heroica Ciudad de Cananea',32),(539,'Jalpa','Jalpa',10),(540,'Lesn','Lesn de los Aldama',11),(541,'Tepoztlan','Tepoztlan',16),(542,'General Bravo','General Bravo',22),(543,'Chmnipas','Chmnipas de Almada',4),(544,'Mzzquiz','Ciudad Melchor Mzzquiz',15),(545,'Chicxulub Pueblo','Chicxulub Pueblo',8),(546,'Sanctsrum de Lazaro Carde','Sanctsrum',31),(547,'Copanatoyac','Copanatoyac',30),(548,'Atoyatempan','Atoyatempan',20),(549,'Coacalco de Berriozabal','San Francisco Coacalco',17),(550,'Cabo Corrientes','El Tuito',14),(551,'Panuco de Coronado','Francisco I. Madero',13),(552,'La Concordia','La Concordia',9),(553,'Cuitzeo','Cuitzeo del Porvenir',18),(554,'Morolesn','Morolesn',11),(555,'Atlahuilco','Atlahuilco',7),(556,'Bahma de Banderas','Valle de Banderas',21),(557,'Matehuala','Matehuala',23),(558,'Carbs','Carbs',32),(559,'Jerez','Jerez de Garcma Salinas',10),(560,'Eloxochitlan','Eloxochitlan',12),(561,'Constancia del Rosario','Constancia del Rosario',19),(562,'Mainero','Villa Mainero',27),(563,'Nadadores','Nadadores',15),(564,'Peqsn Blanco','Peqsn Blanco',13),(565,'Chichimila','Chichimila',8),(566,'Delicias','Delicias',4),(567,'Tetecala','Tetecala',16),(568,'Atzala','Atzala',20),(569,'Coatepec Harinas','Coatepec Harinas',17),(570,'Casimiro Castillo','La Resolana',14),(571,'General Escobedo','Ciudad General Escobedo',22),(572,'Coyuca de Benmtez','Coyuca de Benmtez',30),(573,'Nanacamilpa de Mariano Ar','Ciudad de Nanacamilpa',31),(574,'La Colorada','La Colorada',32),(575,'El Mante','Ciudad Mante',27),(576,'Ocampo','Ocampo',11),(577,'Cosolapa','Cosolapa',19),(578,'Copainala','Copainala',9),(579,'Mexquitic de Carmona','Mexquitic de Carmona',23),(580,'Emiliano Zapata','Emiliano Zapata',12),(581,'Atoyac','Atoyac',7),(582,'Jiminez del Teul','Jiminez del Teul',10),(583,'Charapan','Charapan',18),(584,'Cocotitlan','Cocotitlan',17),(585,'Coyuca de Catalan','Coyuca de Catalan',30),(586,'General Teran','Ciudad General Teran',22),(587,'Dr. Belisario Dommnguez','San Lorenzo',4),(588,'Cihuatlan','Cihuatlan',14),(589,'Nava','Nava',15),(590,'Poanas','Villa Unisn',13),(591,'Tetela del Volcan','Tetela del Volcan',16),(592,'Acuamanala de Miguel Hida','Acuamanala',31),(593,'Atzitzihuacan','Santiago Atzitzihuacan',20),(594,'Chikindzonot','Chikindzonot',8),(595,'Moctezuma','Moctezuma',23),(596,'Atzacan','Atzacan',7),(597,'Matamoros','Heroica Matamoros',27),(598,'Cosoltepec','Cosoltepec',19),(599,'Epazoyucan','Epazoyucan',12),(600,'Pinjamo','Pinjamo',11),(601,'Charo','Charo',18),(602,'Cucurpe','Cucurpe',32),(603,'Chalchihuitan','Chalchihuitan',9),(604,'Juan Aldama','Juan Aldama',10),(605,'Coyotepec','Coyotepec',17),(606,'General Treviqo','General Treviqo',22),(607,'Cuajinicuilapa','Cuajinicuilapa',30),(608,'Galeana','Hermenegildo Galeana',4),(609,'Atzitzintla','Atzitzintla',20),(610,'Pueblo Nuevo','El Salto',13),(611,'Chochola','Chochola',8),(612,'Tlalnepantla','Tlalnepantla',16),(613,'Zapotlan el Grande','Ciudad Guzman',14),(614,'Ocampo','Ocampo',15),(615,'Natmvitas','Natmvitas',31),(616,'Atzalan','Atzalan',7),(617,'Chavinda','Chavinda',18),(618,'Cumpas','Cumpas',32),(619,'Chamula','Chamula',9),(620,'Raysn','Raysn',23),(621,'Mindez','Mindez',27),(622,'Pueblo Nuevo','Pueblo Nuevo',11),(623,'Juchipila','Juchipila',10),(624,'Cuilapam de Guerrero','Cuilapam de Guerrero',19),(625,'Francisco I. Madero','Tepatepec',12),(626,'Rodeo','Rodeo',13),(627,'Axutla','Axutla',20),(628,'Chumayel','Chumayel',8),(629,'Tlaltizapan de Zapata','Tlaltizapan',16),(630,'Santa Isabel','Santa Isabel',4),(631,'General Zaragoza','General Zaragoza',22),(632,'Cocula','Cocula',14),(633,'Cualac','Cualac',30),(634,'Cuautitlan','Cuautitlan',17),(635,'Purmsima del Rincsn','Purmsima de Bustos',11),(636,'Rioverde','Rioverde',23),(637,'Cheran','Cheran',18),(638,'Mier','Mier',27),(639,'Loreto','Loreto',10),(640,'Cuyamecalco Villa de Zara','Cuyamecalco Villa de Zaragoza',19),(641,'Chanal','Chanal',9),(642,'Divisaderos','Divisaderos',32),(643,'Panotla','Panotla',31),(644,'Tlaltetela','Tlaltetela',7),(645,'Parras','Parras de la Fuente',15),(646,'Huasca de Ocampo','Huasca de Ocampo',12),(647,'San Bernardo','San Bernardo',13),(648,'Ayotoxco de Guerrero','Ayotoxco de Guerrero',20),(649,'General Zuazua','General Zuazua',22),(650,'Dzan','Dzan',8),(651,'Tlaquiltenango','Tlaquiltenango',16),(652,'Gsmez Farmas','Valentmn Gsmez Farmas',4),(653,'Colotlan','Colotlan',14),(654,'Cuautepec','Cuautepec',30),(655,'Chalco','Chalco de Dmaz Covarrubias',17),(656,'San Pablo del Monte','Villa Vicente Guerrero',31),(657,'Romita','Romita',11),(658,'Ayahualulco','Ayahualulco',7),(659,'Chilchota','Chilchota',18),(660,'Huautla','Huautla',12),(661,'Miguel Aleman','Ciudad Miguel Aleman',27),(662,'Salinas','Salinas de Hidalgo',23),(663,'Piedras Negras','Piedras Negras',15),(664,'Chapultenango','Chapultenango',9),(665,'Chahuites','Chahuites',19),(666,'Empalme','Empalme',32),(667,'Luis Moya','Luis Moya',10),(668,'Cuetzala del Progreso','Cuetzala del Progreso',30),(669,'Tlayacapan','Tlayacapan',16),(670,'Gran Morelos','San Nicolas de Carretas',4),(671,'Dzemul','Dzemul',8),(672,'Chapa de Mota','Chapa de Mota',17),(673,'Concepcisn de Buenos Aire','Concepcisn de Buenos Aires',14),(674,'San Dimas','Tayoltita',13),(675,'Calpan','San Andris Calpan',20),(676,'Guadalupe','Guadalupe',22),(677,'Banderilla','Banderilla',7),(678,'Mazapil','Mazapil',10),(679,'Progreso','Progreso',15),(680,'Chalcatongo de Hidalgo','Chalcatongo de Hidalgo',19),(681,'Etchojoa','Etchojoa',32),(682,'Salamanca','Salamanca',11),(683,'San Antonio','San Antonio',23),(684,'Miquihuana','Miquihuana',27),(685,'Chinicuila','Villa Victoria',18),(686,'Santa Cruz Tlaxcala','Santa Cruz Tlaxcala',31),(687,'Huazalingo','Huazalingo',12),(688,'Chenalhs','Chenalhs',9),(689,'San Juan de Guadalupe','San Juan de Guadalupe',13),(690,'Caltepec','Caltepec',20),(691,'Cutzamala de Pinzsn','Cutzamala de Pinzsn',30),(692,'Guachochi','Guachochi',4),(693,'Los Herreras','Los Herreras',22),(694,'Chapultepec','Chapultepec',17),(695,'Dzidzantzn','Dzidzantzn',8),(696,'Cuautitlan de Garcma Barr','Cuautitlan de Garcma Barragan',14),(697,'Totolapan','Totolapan',16),(698,'Ramos Arizpe','Ramos Arizpe',15),(699,'Chiquihuitlan de Benito J','Chiquihuitlan de Benito Juarez',19),(700,'Fronteras','Fronteras',32),(701,'Chiapa de Corzo','Chiapa de Corzo',9),(702,'Tenancingo','Tenancingo',31),(703,'Salvatierra','Salvatierra',11),(704,'Huehuetla','Huehuetla',12),(705,'Nuevo Laredo','Nuevo Laredo',27),(706,'Melchor Ocampo','Melchor Ocampo',10),(707,'Chucandiro','Chucandiro',18),(708,'San Ciro de Acosta','San Ciro de Acosta',23),(709,'Benito Juarez','Benito Juarez',7),(710,'Xochitepec','Xochitepec',16),(711,'Chilapa de Alvarez','Chilapa de Alvarez',30),(712,'Guadalupe','Guadalupe',4),(713,'Camocuautla','Camocuautla',20),(714,'Chiautla','Chiautla',17),(715,'Cuautla','Cuautla',14),(716,'San Juan del Rmo','San Juan del Rmo del Centauro del Norte',13),(717,'Higueras','Higueras',22),(718,'Dzilam de Bravo','Dzilam de Bravo',8),(719,'San Luis Potosm','San Luis Potosm',23),(720,'Boca del Rmo','Boca del Rmo',7),(721,'Teolocholco','Teolocholco',31),(722,'San Diego de la Unisn','San Diego de la Unisn',11),(723,'Sabinas','Sabinas',15),(724,'Heroica Ciudad de Ejutla ','Heroica Ciudad de Ejutla de Crespo',19),(725,'Granados','Granados',32),(726,'Chiapilla','Chiapilla',9),(727,'Churintzio','Churintzio',18),(728,'Huejutla de Reyes','Huejutla de Reyes',12),(729,'Mezquital del Oro','Mezquital del Oro',10),(730,'Nuevo Morelos','Nuevo Morelos',27),(731,'San Luis del Cordero','San Luis del Cordero',13),(732,'Hualahuises','Hualahuises',22),(733,'Caxhuacan','Caxhuacan',20),(734,'Guadalupe y Calvo','Guadalupe y Calvo',4),(735,'Cuqumo','Cuqumo',14),(736,'Dzilam Gonzalez','Dzilam Gonzalez',8),(737,'Chilpancingo de los Bravo','Chilpancingo de los Bravo',30),(738,'Yautepec','Yautepec de Zaragoza',16),(739,'Chicoloapan','Chicoloapan de Juarez',17),(740,'Sacramento','Sacramento',15),(741,'San Martmn Chalchicuautla','San Martmn Chalchicuautla',23),(742,'Guaymas','Heroica Guaymas',32),(743,'Miguel Auza','Miguel Auza',10),(744,'Calcahualco','Calcahualco',7),(745,'Churumuco','Churumuco de Morelos',18),(746,'Tepeyanco','Tepeyanco',31),(747,'Ocampo','Ocampo',27),(748,'San Felipe','San Felipe',11),(749,'Chicoasin','Chicoasin',9),(750,'Eloxochitlan de Flores Ma','Eloxochitlan de Flores Magsn',19),(751,'Huichapan','Huichapan',12),(752,'San Pedro del Gallo','San Pedro del Gallo',13),(753,'Florencio Villarreal','Cruz Grande',30),(754,'Yecapixtla','Yecapixtla',16),(755,'Iturbide','Iturbide',22),(756,'Guazapares','Timoris',4),(757,'Chiconcuac','Chiconcuac de Juarez',17),(758,'Chapala','Chapala',14),(759,'Coatepec','Coatepec',20),(760,'Dzitas','Dzitas',8),(761,'San Francisco del Rincsn','San Francisco del Rincsn',11),(762,'Ecuandureo','Ecuandureo',18),(763,'Saltillo','Saltillo',15),(764,'El Espinal','El Espinal',19),(765,'Camerino Z. Mendoza','Ciudad Mendoza',7),(766,'San Nicolas Tolentino','San Nicolas Tolentino',23),(767,'Terrenate','Terrenate',31),(768,'Chicomuselo','Chicomuselo',9),(769,'Ixmiquilpan','Ixmiquilpan',12),(770,'Padilla','Nueva Villa de Padilla',27),(771,'Hermosillo','Hermosillo',32),(772,'Momax','Momax',10),(773,'Guerrero','Vicente Guerrero',4),(774,'Juarez','Ciudad Benito Juarez',22),(775,'Coatzingo','Coatzingo',20),(776,'Chimalhuacan','Chimalhuacan',17),(777,'Chimaltitan','Chimaltitan',14),(778,'Zacatepec','Zacatepec de Hidalgo',16),(779,'Dzoncauich','Dzoncauich',8),(780,'General Canuto A. Neri','Acapetlahuaya',30),(781,'Santa Clara','Santa Clara',13),(782,'Epitacio Huerta','Epitacio Huerta',18),(783,'Tamazulapam del Espmritu ','Tamazulapam del Espmritu Santo',19),(784,'Monte Escobedo','Monte Escobedo',10),(785,'San Buenaventura','San Buenaventura',15),(786,'Carrillo Puerto','Tamarindo',7),(787,'Tetla de la Solidaridad','Tetla',31),(788,'Palmillas','Palmillas',27),(789,'Santa Catarina','Santa Catarina',23),(790,'San Josi Iturbide','San Josi Iturbide',11),(791,'Huachinera','Huachinera',32),(792,'Jacala de Ledezma','Jacala',12),(793,'Chilsn','Chilsn',9),(794,'Espita','Espita',8),(795,'Cohetzala','Santa Marma Cohetzala',20),(796,'Chiquilistlan','Chiquilistlan',14),(797,'Zacualpan de Amilpas','Zacualpan de Amilpas',16),(798,'Lampazos de Naranjo','Lampazos de Naranjo',22),(799,'Hidalgo del Parral','Hidalgo del Parral',4),(800,'General Heliodoro Castill','Tlacotepec',30),(801,'Santiago Papasquiaro','Santiago Papasquiaro',13),(802,'Donato Guerra','Villa Donato Guerra',17),(803,'Fresnillo de Trujano','Fresnillo de Trujano',19),(804,'Reynosa','Reynosa',27),(805,'San Luis de la Paz','San Luis de la Paz',11),(806,'Escuintla','Escuintla',9),(807,'Huasabas','Huasabas',32),(808,'Catemaco','Catemaco',7),(809,'Erongarmcuaro','Erongarmcuaro',18),(810,'Tetlatlahuca','Tetlatlahuca',31),(811,'Jaltocan','Jaltocan',12),(812,'San Juan de Sabinas','Nueva Rosita',15),(813,'Santa Marma del Rmo','Santa Marma del Rmo',23),(814,'Morelos','Morelos',10),(815,'Halachs','Halachs',8),(816,'Moyahua de Estrada','Moyahua de Estrada',10),(817,'Francisco Lesn','Rivera el Viejo Carmen',9),(818,'Guadalupe Etla','Guadalupe Etla',19),(819,'Huatabampo','Huatabampo',32),(820,'Santo Domingo','Santo Domingo',23),(821,'Hocaba','Hocaba',8),(822,'Linares','Linares',22),(823,'Szchil','Szchil',13),(824,'San Pedro','San Pedro',15),(825,'Rmo Bravo','Ciudad Rmo Bravo',27),(826,'Huamuxtitlan','Huamuxtitlan',30),(827,'Temoac','Temoac',16),(828,'Ecatepec de Morelos','Ecatepec de Morelos',17),(829,'Degollado','Degollado',14),(830,'Santa Catarina','Santa Catarina',11),(831,'Huejotitan','Huejotitan',4),(832,'Cohuecan','Cohuecan',20),(833,'Gabriel Zamora','Lombardma',18),(834,'Juarez Hidalgo','Juarez',12),(835,'Tlaxcala','Tlaxcala de Xicohtincatl',31),(836,'Cazones de Herrera','Cazones de Herrera',7),(837,'Nochistlan de Mejma','Nochistlan de Mejma',10),(838,'Tlaxco','Tlaxco',31),(839,'Ignacio Zaragoza','Ignacio Zaragoza',4),(840,'Frontera Comalapa','Frontera Comalapa',9),(841,'San Vicente Tancuayalab','San Vicente Tancuayalab',23),(842,'Huipac','Huipac',32),(843,'Sierra Mojada','Sierra Mojada',15),(844,'Cerro Azul','Cerro Azul',7),(845,'Ejutla','Ejutla',14),(846,'Hidalgo','Ciudad Hidalgo',18),(847,'Guadalupe de Rammrez','Guadalupe de Rammrez',19),(848,'Ecatzingo','Ecatzingo de Hidalgo',17),(849,'Lolotla','Lolotla',12),(850,'Huitzuco de los Figueroa','Ciudad de Huitzuco',30),(851,'San Carlos','San Carlos',27),(852,'Santa Cruz de Juventino R','Juventino Rosas',11),(853,'Hoctzn','Hoctzn',8),(854,'Coronango','Santa Marma Coronango',20),(855,'Marmn','Marmn',22),(856,'Tamazula','Tamazula de Victoria',13),(857,'Noria de Angeles','Noria de Angeles',10),(858,'Janos','Janos',4),(859,'San Fernando','San Fernando',27),(860,'Santiago Maravatmo','Santiago Maravatmo',11),(861,'Iguala de la Independenci','Iguala de la Independencia',30),(862,'Homzn','Homzn',8),(863,'Tocatlan','Tocatlan',31),(864,'Melchor Ocampo','Melchor Ocampo',22),(865,'Metepec','Metepec',12),(866,'Frontera Hidalgo','Frontera Hidalgo',9),(867,'Citlaltipetl','Citlaltipec',7),(868,'Encarnacisn de Dmaz','Encarnacisn de Dmaz',14),(869,'Guelatao de Juarez','Guelatao de Juarez',19),(870,'Torresn','Torresn',15),(871,'La Huacana','La Huacana',18),(872,'Huehuetoca','Huehuetoca',17),(873,'Imuris','Imuris',32),(874,'Tepehuanes','Santa Catarina de Tepehuanes',13),(875,'Soledad de Graciano Sanch','Soledad de Graciano Sanchez',23),(876,'Coxcatlan','Coxcatlan',20),(877,'Ojocaliente','Ojocaliente',10),(878,'Jiminez','Josi Mariano Jiminez',4),(879,'Etzatlan','Etzatlan',14),(880,'Huandacareo','Huandacareo',18),(881,'La Grandeza','La Grandeza',9),(882,'Guevea de Humboldt','Guevea de Humboldt',19),(883,'San Nicolas','San Nicolas',27),(884,'Tamasopo','Tamasopo',23),(885,'Igualapa','Igualapa',30),(886,'Huhm','Huhm',8),(887,'Tlahualilo','Tlahualilo de Zaragoza',13),(888,'Coyomeapan','Santa Marma Coyomeapan',20),(889,'Totolac','San Juan Totolac',31),(890,'Mier y Noriega','Mier y Noriega',22),(891,'Silao de la Victoria','Silao de la Victoria',11),(892,'Hueypoxtla','Hueypoxtla',17),(893,'Viesca','Viesca',15),(894,'Coacoatzintla','Coacoatzintla',7),(895,'Magdalena','Magdalena de Kino',32),(896,'San Agustmn Metzquititlan','Mezquititlan',12),(897,'Panuco','Panuco',10),(898,'Villa Unisn','Villa Unisn',15),(899,'Ziltlaltipec de Trinidad ','Zitlaltipec',31),(900,'Coyotepec','San Vicente Coyotepec',20),(901,'Ixcateopan de Cuauhtimoc','Ixcateopan de Cuauhtimoc',30),(902,'Tarandacuao','Tarandacuao',11),(903,'El Grullo','El Grullo',14),(904,'Mina','Mina',22),(905,'Huehuetan','Huehuetan',9),(906,'Hunucma','Hunucma',8),(907,'Huaniqueo','Huaniqueo de Morales',18),(908,'Juarez','Juarez',4),(909,'Topia','Topia',13),(910,'Mazatan','Mazatan',32),(911,'Tamazunchale','Tamazunchale',23),(912,'Soto la Marina','Soto la Marina',27),(913,'Mesones Hidalgo','Mesones Hidalgo',19),(914,'Metztitlan','Metztitlan',12),(915,'Huixquilucan','Huixquilucan de Degollado',17),(916,'Coahuitlan','Progreso de Zaragoza',7),(917,'Pinos','Pinos',10),(918,'Zihuatanejo de Azueta','Zihuatanejo',30),(919,'Isidro Fabela','Tlazala de Fabela',17),(920,'Ixil','Ixil',8),(921,'Tarimoro','Tarimoro',11),(922,'Montemorelos','Montemorelos',22),(923,'Zaragoza','Zaragoza',15),(924,'Tampacan','Tampacan',23),(925,'Tampico','Tampico',27),(926,'Vicente Guerrero','Vicente Guerrero',13),(927,'Huixtan','Huixtan',9),(928,'Julimes','Julimes',4),(929,'Guachinango','Guachinango',14),(930,'Villa Hidalgo','Villa Hidalgo',19),(931,'Huetamo','Huetamo de Nzqez',18),(932,'Coatepec','Coatepec',7),(933,'Moctezuma','Moctezuma',32),(934,'Cuapiaxtla de Madero','Cuapiaxtla de Madero',20),(935,'Mineral del Chico','Mineral del Chico',12),(936,'Tzompantepec','Tzompantepec',31),(937,'Rmo Grande','Rmo Grande',10),(938,'Heroica Ciudad de Huajuap','Heroica Ciudad de Huajuapan de Lesn',19),(939,'Ixtapaluca','Ixtapaluca',17),(940,'Huitiupan','Huitiupan',9),(941,'Tierra Blanca','Tierra Blanca',11),(942,'Naco','Naco',32),(943,'Tula','Ciudad Tula',27),(944,'Tampamolsn Corona','Tampamolsn Corona',23),(945,'Lspez','Octaviano Lspez',4),(946,'Izamal','Izamal',8),(947,'Mineral del Monte','Mineral del Monte',12),(948,'Monterrey','Monterrey',22),(949,'Juan R. Escudero','Tierra Colorada',30),(950,'Xaloztoc','Xaloztoc',31),(951,'Huiramba','Huiramba',18),(952,'Nuevo Ideal','Nuevo Ideal',13),(953,'Guadalajara','Guadalajara',14),(954,'Cuautempan','San Esteban Cuautempan',20),(955,'Coatzacoalcos','Coatzacoalcos',7),(956,'Sain Alto','Sain Alto',10),(957,'Huixtla','Huixtla',9),(958,'Ixtapan de la Sal','Ixtapan de la Sal',17),(959,'Valle Hermoso','Valle Hermoso',27),(960,'Coatzintla','Coatzintla',7),(961,'Kanasmn','Kanasmn',8),(962,'Nacori Chico','Nacori Chico',32),(963,'Xaltocan','Xaltocan',31),(964,'Uriangato','Uriangato',11),(965,'La Misisn','La Misisn',12),(966,'Hostotipaquillo','Hostotipaquillo',14),(967,'Madera','Madera',4),(968,'Paras','Paras',22),(969,'Huautepec','Huautepec',19),(970,'Tamumn','Tamumn',23),(971,'Leonardo Bravo','Chichihualco',30),(972,'Cuautinchan','Cuautinchan',20),(973,'Indaparapeo','Indaparapeo',18),(974,'El Salvador','El Salvador',10),(975,'Maguarichi','Maguarichi',4),(976,'Tanlajas','Tanlajas',23),(977,'Cuautlancingo','San Juan Cuautlancingo',20),(978,'Ixtapan del Oro','Ixtapan del Oro',17),(979,'Pesquerma','Pesquerma',22),(980,'Kantunil','Kantunil',8),(981,'La Independencia','La Independencia',9),(982,'Nacozari de Garcma','Nacozari de Garcma',32),(983,'Mixquiahuala de Juarez','Mixquiahuala',12),(984,'Malinaltepec','Malinaltepec',30),(985,'Huejzcar','Huejzcar',14),(986,'Papalotla de Xicohtincatl','Papalotla',31),(987,'Coetzala','Coetzala',7),(988,'Victoria','Ciudad Victoria',27),(989,'Irimbo','Irimbo',18),(990,'Huautla de Jiminez','Huautla de Jiminez',19),(991,'Valle de Santiago','Valle de Santiago',11),(992,'Sombrerete','Sombrerete',10),(993,'Kaua','Kaua',8),(994,'Ixhuatan','Ixhuatan',9),(995,'Los Ramones','Los Ramones',22),(996,'Xicohtzinco','Xicohtzinco',31),(997,'Martir de Cuilapan','Apango',30),(998,'Ixtlan','Ixtlan de los Hervores',18),(999,'Ixtlan de Juarez','Ixtlan de Juarez',19),(1000,'Navojoa','Navojoa',32),(1001,'Villagran','Villagran',27),(1002,'Manuel Benavides','Manuel Benavides',4),(1003,'Cuayuca de Andrade','San Pedro Cuayuca',20),(1004,'Ixtlahuaca','Ixtlahuaca de Raysn',17),(1005,'Victoria','Victoria',11),(1006,'Tanquian de Escobedo','Tanquian de Escobedo',23),(1007,'Huejuquilla el Alto','Huejuquilla el Alto',14),(1008,'Molango de Escamilla','Molango',12),(1009,'Colipa','Colipa',7),(1010,'Susticacan','Susticacan',10),(1011,'La Huerta','La Huerta',14),(1012,'Villagran','Villagran',11),(1013,'Comapa','Comapa',7),(1014,'Xicotincatl','Xicotincatl',27),(1015,'Nogales','Heroica Nogales',32),(1016,'Rayones','Rayones',22),(1017,'Xalatlaco','Xalatlaco',17),(1018,'Tierra Nueva','Tierra Nueva',23),(1019,'Jacona','Jacona de Plancarte',18),(1020,'Ixtacomitan','Ixtacomitan',9),(1021,'Metlatsnoc','Metlatsnoc',30),(1022,'Cuetzalan del Progreso','Ciudad de Cuetzalan',20),(1023,'Kinchil','Kinchil',8),(1024,'Matachm','Matachm',4),(1025,'Nicolas Flores','Nicolas Flores',12),(1026,'Yauhquemehcan','San Dionisio Yauhquemehcan',31),(1027,'Heroica Ciudad de Juchita','Heroica Ciudad de Juchitan de Zaragoza',19),(1028,'Tabasco','Tabasco',10),(1029,'Csrdoba','Csrdoba',7),(1030,'Zacatelco','Zacatelco',31),(1031,'Onavas','Onavas',32),(1032,'Nopala de Villagran','Nopala',12),(1033,'Ixtlahuacan de los Membri','Ixtlahuacan de los Membrillos',14),(1034,'Cuyoaco','Cuyoaco',20),(1035,'Sabinas Hidalgo','Ciudad Sabinas Hidalgo',22),(1036,'Mochitlan','Mochitlan',30),(1037,'Jaltenco','Jaltenco',17),(1038,'Ixtapa','Ixtapa',9),(1039,'Matamoros','Mariano Matamoros',4),(1040,'Vanegas','Vanegas',23),(1041,'Jiminez','Villa Jiminez',18),(1042,'Kopoma','Kopoma',8),(1043,'Loma Bonita','Loma Bonita',19),(1044,'Xichz','Xichz',11),(1045,'Tepechitlan','Tepechitlan',10),(1046,'Olinala','Olinala',30),(1047,'Omitlan de Juarez','Omitlan de Juarez',12),(1048,'Opodepe','Opodepe',32),(1049,'Benito Juarez','Benito Juarez',31),(1050,'Mama','Mama',8),(1051,'Cosamaloapan de Carpio','Cosamaloapan',7),(1052,'Yuriria','Yuriria',11),(1053,'Magdalena Apasco','Magdalena Apasco',19),(1054,'Chalchicomula de Sesma','Ciudad Serdan',20),(1055,'Meoqui','Pedro Meoqui',4),(1056,'Jiquilpan','Jiquilpan de Juarez',18),(1057,'Ixtapangajoya','Ixtapangajoya',9),(1058,'Salinas Victoria','Salinas Victoria',22),(1059,'Jilotepec','Jilotepec de Molina Enrmquez',17),(1060,'Ixtlahuacan del Rmo','Ixtlahuacan del Rmo',14),(1061,'Venado','Venado',23),(1062,'Tepetongo','Tepetongo',10),(1063,'Juarez','Benito Juarez',18),(1064,'Manm','Manm',8),(1065,'Jilotzingo','Santa Ana Jilotzingo',17),(1066,'Chapulco','Chapulco',20),(1067,'Jalostotitlan','Jalostotitlan',14),(1068,'Villa de Arriaga','Villa de Arriaga',23),(1069,'Oquitoa','Oquitoa',32),(1070,'Cosautlan de Carvajal','Cosautlan de Carvajal',7),(1071,'San Nicolas de los Garza','San Nicolas de los Garza',22),(1072,'Emiliano Zapata','Emiliano Zapata',31),(1073,'Jiquipilas','Jiquipilas',9),(1074,'Morelos','Morelos',4),(1075,'Ometepec','Ometepec',30),(1076,'San Felipe Orizatlan','Orizatlan',12),(1077,'Magdalena Jaltepec','Magdalena Jaltepec',19),(1078,'Tezl de Gonzalez Ortega','Tezl de Gonzalez Ortega',10),(1079,'Pedro Ascencio Alquisiras','Ixcapuzalco',30),(1080,'Santa Magdalena Jicotlan','Santa Magdalena Jicotlan',19),(1081,'Jitotol','Jitotol',9),(1082,'Villa de Guadalupe','Villa de Guadalupe',23),(1083,'Pitiquito','Pitiquito',32),(1084,'Hidalgo','Hidalgo',22),(1085,'Jamay','Jamay',14),(1086,'Jiquipilco','Jiquipilco',17),(1087,'Lazaro Cardenas','Lazaro Cardenas',31),(1088,'Jungapeo','Jungapeo de Juarez',18),(1089,'Moris','Moris',4),(1090,'Maxcanz','Maxcanz',8),(1091,'Chiautla','Ciudad de Chiautla de Tapia',20),(1092,'Pacula','Pacula',12),(1093,'Coscomatepec','Coscomatepec de Bravo',7),(1094,'Tlaltenango de Sanchez Ro','Tlaltenango de Sanchez Roman',10),(1095,'Namiquipa','Namiquipa',4),(1096,'Jocotitlan','Ciudad de Jocotitlan',17),(1097,'Chiautzingo','San Lorenzo Chiautzingo',20),(1098,'Santa Catarina','Ciudad Santa Catarina',22),(1099,'Villa de la Paz','Villa de la Paz',23),(1100,'Cosoleacaque','Cosoleacaque',7),(1101,'Jeszs Marma','Jeszs Marma',14),(1102,'La Magdalena Tlaltelulco','La Magdalena Tlaltelulco',31),(1103,'Mayapan','Mayapan',8),(1104,'Petatlan','Petatlan',30),(1105,'Magdalena Mixtepec','Magdalena Mixtepec',19),(1106,'Lagunillas','Lagunillas',18),(1107,'Juarez','Juarez',9),(1108,'Pachuca de Soto','Pachuca de Soto',12),(1109,'Puerto Peqasco','Puerto Peqasco',32),(1110,'Valparamso','Valparamso',10),(1111,'Jilotlan de los Dolores','Jilotlan de los Dolores',14),(1112,'Chiconcuautla','Chiconcuautla',20),(1113,'Joquicingo','Joquicingo de Lesn Guzman',17),(1114,'Nonoava','Nonoava',4),(1115,'Santiago','Santiago',22),(1116,'San Damian Texsloc','San Damian Texsloc',31),(1117,'Cotaxtla','Cotaxtla',7),(1118,'Magdalena Ocotlan','Magdalena Ocotlan',19),(1119,'Villa de Ramos','Villa de Ramos',23),(1120,'Mirida','Mirida',8),(1121,'Pilcaya','Pilcaya',30),(1122,'Quiriego','Quiriego',32),(1123,'Vetagrande','Vetagrande',10),(1124,'Larrainzar','Larrainzar',9),(1125,'Pisaflores','Pisaflores',12),(1126,'Madero','Villa Madero',18),(1127,'Vallecillo','Vallecillo',22),(1128,'Magdalena Peqasco','Magdalena Peqasco',19),(1129,'San Francisco Tetlanohcan','San Francisco Tetlanohcan',31),(1130,'Chichiquila','Chichiquila',20),(1131,'Villa de Reyes','Villa de Reyes',23),(1132,'Mococha','Mococha',8),(1133,'Coxquihui','Coxquihui',7),(1134,'Jocotepec','Jocotepec',14),(1135,'Juchitepec','Juchitepec de Mariano Rivapalacio',17),(1136,'Nuevo Casas Grandes','Nuevo Casas Grandes',4),(1137,'Pungarabato','Ciudad Altamirano',30),(1138,'Maravatmo','Maravatmo de Ocampo',18),(1139,'Villa de Cos','Villa de Cos',10),(1140,'Progreso de Obregsn','Progreso',12),(1141,'Raysn','Raysn',32),(1142,'La Libertad','La Libertad',9),(1143,'Chietla','Chietla',20),(1144,'Quechultenango','Quechultenango',30),(1145,'Juanacatlan','Juanacatlan',14),(1146,'Magdalena Teitipac','Magdalena Teitipac',19),(1147,'Ocampo','Melchor Ocampo',4),(1148,'Villa Hidalgo','Villa Hidalgo',23),(1149,'Motul','Motul de Carrillo Puerto',8),(1150,'Villaldama','Ciudad de Villaldama',22),(1151,'Lerma','Lerma de Villada',17),(1152,'San Jersnimo Zacualpan','San Jersnimo Zacualpan',31),(1153,'Coyutla','Coyutla',7),(1154,'Mapastepec','Mapastepec',9),(1155,'Rosario','Rosario',32),(1156,'Mineral de la Reforma','Pachuquilla',12),(1157,'Marcos Castellanos','San Josi de Gracia',18),(1158,'Villa Garcma','Villa Garcma',10),(1159,'San Luis Acatlan','San Luis Acatlan',30),(1160,'Ojinaga','Manuel Ojinaga',4),(1161,'San Josi Teacalco','San Josi Teacalco',31),(1162,'Villa Juarez','Villa Juarez',23),(1163,'Chigmecatitlan','Chigmecatitlan',20),(1164,'Malinalco','Malinalco',17),(1165,'Muna','Muna',8),(1166,'Cuichapa','Cuichapa',7),(1167,'Juchitlan','Juchitlan',14),(1168,'Magdalena Tequisistlan','Magdalena Tequisistlan',19),(1169,'Villa Gonzalez Ortega','Villa Gonzalez Ortega',10),(1170,'Lazaro Cardenas','Ciudad Lazaro Cardenas',18),(1171,'San Agustmn Tlaxiaca','San Agustmn Tlaxiaca',12),(1172,'Las Margaritas','Las Margaritas',9),(1173,'Sahuaripa','Sahuaripa',32),(1174,'Praxedis G. Guerrero','Praxedis G. Guerrero',4),(1175,'Chignahuapan','Ciudad de Chignahuapan',20),(1176,'Melchor Ocampo','Melchor Ocampo',17),(1177,'Muxupip','Muxupip',8),(1178,'Lagos de Moreno','Lagos de Moreno',14),(1179,'Magdalena Tlacotepec','Magdalena Tlacotepec',19),(1180,'Cuitlahuac','Cuitlahuac',7),(1181,'San Juan Huactzinco','San Juan Huactzinco',31),(1182,'Axtla de Terrazas','Axtla de Terrazas',23),(1183,'San Marcos','San Marcos',30),(1184,'San Bartolo Tutotepec','San Bartolo Tutotepec',12),(1185,'Morelia','Morelia',18),(1186,'Villa Hidalgo','Villa Hidalgo',10),(1187,'Mazapa de Madero','Mazapa de Madero',9),(1188,'San Felipe de Jeszs','San Felipe de Jeszs',32),(1189,'El Limsn','El Limsn',14),(1190,'Opichin','Opichin',8),(1191,'Metepec','Metepec',17),(1192,'San Lorenzo Axocomanitla','San Lorenzo Axocomanitla',31),(1193,'Xilitla','Xilitla',23),(1194,'Riva Palacio','San Andris',4),(1195,'San Miguel Totolapan','San Miguel Totolapan',30),(1196,'Chignautla','Chignautla',20),(1197,'Chacaltianguis','Chacaltianguis',7),(1198,'Magdalena Zahuatlan','Magdalena Zahuatlan',19),(1199,'Villanueva','Villanueva',10),(1200,'Mazatan','Mazatan',9),(1201,'Morelos','Villa Morelos',18),(1202,'San Salvador','San Salvador',12),(1203,'San Javier','San Javier',32),(1204,'Zaragoza','Villa de Zaragoza',23),(1205,'Oxkutzcab','Oxkutzcab',8),(1206,'Chalma','Chalma',7),(1207,'Magdalena','Magdalena',14),(1208,'Taxco de Alarcsn','Taxco de Alarcsn',30),(1209,'Mariscala de Juarez','Mariscala de Juarez',19),(1210,'Mexicaltzingo','San Mateo Mexicaltzingo',17),(1211,'Rosales','Santa Cruz de Rosales',4),(1212,'San Lucas Tecopilco','San Lucas Tecopilco',31),(1213,'Chila','Chila',20),(1214,'Mzgica','Nueva Italia de Ruiz',18),(1215,'Santiago de Anaya','Santiago de Anaya',12),(1216,'San Luis Rmo Colorado','San Luis Rmo Colorado',32),(1217,'Metapa','Metapa de Dommnguez',9),(1218,'Zacatecas','Zacatecas',10),(1219,'Morelos','San Bartolo Morelos',17),(1220,'Martires de Tacubaya','Martires de Tacubaya',19),(1221,'Chila de la Sal','Chila de la Sal',20),(1222,'Rosario','Valle del Rosario',4),(1223,'Santa Ana Nopalucan','Santa Ana Nopalucan',31),(1224,'Santa Marma del Oro','Santa Marma del Oro',14),(1225,'Panaba','Panaba',8),(1226,'Chiconamel','Chiconamel',7),(1227,'Villa de Arista','Villa de Arista',23),(1228,'Tecoanapa','Tecoanapa',30),(1229,'Nahuatzen','Nahuatzen',18),(1230,'Santiago Tulantepec de Lu','Santiago Tulantepec',12),(1231,'Mitontic','Mitontic',9),(1232,'San Miguel de Horcasitas','San Miguel de Horcasitas',32),(1233,'Trancoso','Trancoso',10),(1234,'Matmas Romero Avendaqo','Matmas Romero Avendaqo',19),(1235,'Santa Apolonia Teacalco','Santa Apolonia Teacalco',31),(1236,'La Manzanilla de la Paz','La Manzanilla de la Paz',14),(1237,'Matlapa','Matlapa',23),(1238,'San Francisco de Borja','San Francisco de Borja',4),(1239,'Honey','Honey',20),(1240,'Naucalpan de Juarez','Naucalpan de Juarez',17),(1241,'Peto','Peto',8),(1242,'Ticpan de Galeana','Ticpan de Galeana',30),(1243,'Chiconquiaco','Chiconquiaco',7),(1244,'Nocupitaro','Nocupitaro de Morelos',18),(1245,'Motozintla','Motozintla de Mendoza',9),(1246,'Santa Marma de la Paz','Santa Marma de la Paz',10),(1247,'San Pedro de la Cueva','San Pedro de la Cueva',32),(1248,'Singuilucan','Singuilucan',12),(1249,'Santa Catarina Ayometla','Santa Catarina Ayometla',31),(1250,'Chilchotla','Rafael J. Garcma',20),(1251,'Chicontepec','Chicontepec de Tejeda',7),(1252,'San Francisco de Conchos','San Francisco de Conchos',4),(1253,'Mazatlan Villa de Flores','Mazatlan Villa de Flores',19),(1254,'Nezahualcsyotl','Ciudad Nezahualcsyotl',17),(1255,'Teloloapan','Teloloapan',30),(1256,'Progreso','Progreso',8),(1257,'Mascota','Mascota',14),(1258,'El Naranjo','El Naranjo',23),(1259,'Nicolas Rumz','Nicolas Rumz',9),(1260,'Nuevo Parangaricutiro','Nuevo San Juan Parangaricutiro',18),(1261,'Tasquillo','Tasquillo',12),(1262,'Santa Ana','Santa Ana',32),(1263,'Mazamitla','Mazamitla',14),(1264,'Nextlalpan','Santa Ana Nextlalpan',17),(1265,'Chinameca','Chinameca',7),(1266,'Chinantla','Chinantla',20),(1267,'Tepecoacuilco de Trujano','Tepecoacuilco de Trujano',30),(1268,'Quintana Roo','Quintana Roo',8),(1269,'Santa Cruz Quilehtla','Santa Cruz Quilehtla',31),(1270,'San Francisco del Oro','San Francisco del Oro',4),(1271,'Miahuatlan de Porfirio Dm','Miahuatlan de Porfirio Dmaz',19),(1272,'Nuevo Urecho','Nuevo Urecho',18),(1273,'Santa Cruz','Santa Cruz',32),(1274,'Ocosingo','Ocosingo',9),(1275,'Tecozautla','Tecozautla',12),(1276,'Tetipac','Tetipac',30),(1277,'Santa Isabel Xiloxoxtla','Santa Isabel Xiloxoxtla',31),(1278,'Mexticacan','Mexticacan',14),(1279,'Santa Barbara','Santa Barbara',4),(1280,'Nicolas Romero','Ciudad Nicolas Romero',17),(1281,'Chinampa de Gorostiza','Chinampa de Gorostiza',7),(1282,'Mixistlan de la Reforma','Mixistlan de la Reforma',19),(1283,'Domingo Arenas','Domingo Arenas',20),(1284,'Rmo Lagartos','Rmo Lagartos',8),(1285,'Ocotepec','Ocotepec',9),(1286,'Tenango de Doria','Tenango de Doria',12),(1287,'Saric','Saric',32),(1288,'Numaran','Numaran',18),(1289,'Sacalum','Sacalum',8),(1290,'Satevs','San Francisco Javier de Satevs',4),(1291,'Mezquitic','Mezquitic',14),(1292,'Monjas','Monjas',19),(1293,'Las Choapas','Las Choapas',7),(1294,'Nopaltepec','Nopaltepec',17),(1295,'Tixtla de Guerrero','Tixtla de Guerrero',30),(1296,'Eloxochitlan','Eloxochitlan',20),(1297,'Tepeapulco','Tepeapulco',12),(1298,'Ocampo','Ocampo',18),(1299,'Soyopa','Soyopa',32),(1300,'Ocozocoautla de Espinosa','Ocozocoautla de Espinosa',9),(1301,'Epatlan','San Juan Epatlan',20),(1302,'Samahil','Samahil',8),(1303,'Chocaman','Chocaman',7),(1304,'Saucillo','Saucillo',4),(1305,'Mixtlan','Mixtlan',14),(1306,'Tlacoachistlahuaca','Tlacoachistlahuaca',30),(1307,'Ocoyoacac','Ocoyoacac',17),(1308,'Natividad','Natividad',19),(1309,'Pajacuaran','Pajacuaran',18),(1310,'Ostuacan','Ostuacan',9),(1311,'Suaqui Grande','Suaqui Grande',32),(1312,'Tepehuacan de Guerrero','Tepehuacan de Guerrero',12),(1313,'Tlacoapa','Tlacoapa',30),(1314,'Sanahcat','Sanahcat',8),(1315,'Temssachic','Temssachic',4),(1316,'Nazareno Etla','Nazareno Etla',19),(1317,'Ocotlan','Ocotlan',14),(1318,'Esperanza','Esperanza',20),(1319,'Chontla','Chontla',7),(1320,'Ocuilan','Ocuilan de Arteaga',17),(1321,'Osumacinta','Osumacinta',9),(1322,'Panindmcuaro','Panindmcuaro',18),(1323,'Tepeji del Rmo de Ocampo','Tepeji del Rmo de Ocampo',12),(1324,'Tepache','Tepache',32),(1325,'Ojuelos de Jalisco','Ojuelos de Jalisco',14),(1326,'San Felipe','San Felipe',8),(1327,'Francisco Z. Mena','Metlaltoyuca',20),(1328,'El Tule','El Tule',4),(1329,'Tlalchapa','Tlalchapa',30),(1330,'Chumatlan','Chumatlan',7),(1331,'El Oro','El Oro de Hidalgo',17),(1332,'Nejapa de Madero','Nejapa de Madero',19),(1333,'Paracuaro','Paracuaro',18),(1334,'Tepetitlan','Tepetitlan',12),(1335,'Oxchuc','Oxchuc',9),(1336,'Trincheras','Trincheras',32),(1337,'Ixpantepec Nieves','Ixpantepec Nieves',19),(1338,'Urique','Urique',4),(1339,'Pihuamo','Pihuamo',14),(1340,'General Felipe Angeles','San Pablo de las Tunas',20),(1341,'Otumba','Otumba de Gsmez Farmas',17),(1342,'Santa Elena','Santa Elena',8),(1343,'Emiliano Zapata','Dos Rmos',7),(1344,'Tlalixtaquilla de Maldona','Tlalixtaquilla',30),(1345,'Palenque','Palenque',9),(1346,'Paracho','Paracho de Verduzco',18),(1347,'Tubutama','Tubutama',32),(1348,'Tetepango','Tetepango',12),(1349,'Poncitlan','Poncitlan',14),(1350,'Uruachi','Uruachi',4),(1351,'Otzoloapan','Otzoloapan',17),(1352,'Seyi','Seyi',8),(1353,'Espinal','Espinal',7),(1354,'Santiago Niltepec','Santiago Niltepec',19),(1355,'Guadalupe','Guadalupe',20),(1356,'Tlapa de Comonfort','Tlapa de Comonfort',30),(1357,'Pantelhs','Pantelhs',9),(1358,'Patzcuaro','Patzcuaro',18),(1359,'Ures','Heroica Ciudad de Ures',32),(1360,'Villa de Tezontepec','Tezontepec',12),(1361,'Puerto Vallarta','Puerto Vallarta',14),(1362,'Oaxaca de Juarez','Oaxaca de Juarez',19),(1363,'Otzolotepec','Villa Cuauhtimoc',17),(1364,'Tlapehuala','Tlapehuala',30),(1365,'Filomeno Mata','Filomeno Mata',7),(1366,'Sinanchi','Sinanchi',8),(1367,'Guadalupe Victoria','Guadalupe Victoria',20),(1368,'Valle de Zaragoza','Valle de Zaragoza',4),(1369,'Villa Hidalgo','Villa Hidalgo',32),(1370,'Tezontepec de Aldama','Tezontepec de Aldama',12),(1371,'Pantepec','Pantepec',9),(1372,'Penjamillo','Penjamillo de Degollado',18),(1373,'Ozumba','Ozumba de Alzate',17),(1374,'Ocotlan de Morelos','Ocotlan de Morelos',19),(1375,'Sotuta','Sotuta',8),(1376,'Villa Purificacisn','Villa Purificacisn',14),(1377,'Fortmn','Fortmn de las Flores',7),(1378,'La Unisn de Isidoro Monte','La Unisn',30),(1379,'Hermenegildo Galeana','Bienvenido',20),(1380,'Pichucalco','Pichucalco',9),(1381,'Villa Pesqueira','Villa Pesqueira (Matape)',32),(1382,'Periban','Periban de Ramos',18),(1383,'Tianguistengo','Tianguistengo',12),(1384,'Huaquechula','Huaquechula',20),(1385,'Gutiirrez Zamora','Gutiirrez Zamora',7),(1386,'Quitupan','Quitupan',14),(1387,'Xalpatlahuac','Xalpatlahuac',30),(1388,'Sucila','Sucila',8),(1389,'La Pe','La Pe',19),(1390,'Papalotla','Papalotla',17),(1391,'Tizayuca','Tizayuca',12),(1392,'Pijijiapan','Pijijiapan',9),(1393,'Yicora','Yicora',32),(1394,'La Piedad','La Piedad de Cabadas',18),(1395,'Huatlatlauca','Huatlatlauca',20),(1396,'Sudzal','Sudzal',8),(1397,'La Paz','Los Reyes Acaquilpan',17),(1398,'Pinotepa de Don Luis','Pinotepa de Don Luis',19),(1399,'Xochihuehuetlan','Xochihuehuetlan',30),(1400,'Hidalgotitlan','Hidalgotitlan',7),(1401,'El Salto','El Salto',14),(1402,'El Porvenir','El Porvenir de Velasco Suarez',9),(1403,'Tlahuelilpan','Tlahuelilpan',12),(1404,'General Plutarco Elmas Ca','Sonoita',32),(1405,'Puripero','Puripero de Echaiz',18),(1406,'Polotitlan','Polotitlan de la Ilustracisn',17),(1407,'Huatusco','Huatusco de Chicuellar',7),(1408,'San Cristsbal de la Barra','San Cristsbal de la Barranca',14),(1409,'Suma','Suma',8),(1410,'Huauchinango','Huauchinango',20),(1411,'Pluma Hidalgo','Pluma Hidalgo',19),(1412,'Xochistlahuaca','Xochistlahuaca',30),(1413,'Villa Comaltitlan','Villa Comaltitlan',9),(1414,'Puruandiro','Puruandiro',18),(1415,'Tlahuiltepa','Tlahuiltepa',12),(1416,'Benito Juarez','Villa Juarez',32),(1417,'Huayacocotla','Huayacocotla',7),(1418,'Raysn','Santa Marma Raysn',17),(1419,'Querindaro','Querindaro',18),(1420,'San Ignacio Rmo Muerto','San Ignacio Rmo Muerto',32),(1421,'Tlanalapa','Tlanalapa',12),(1422,'Zapotitlan Tablas','Zapotitlan Tablas',30),(1423,'Pueblo Nuevo Solistahuaca','Pueblo Nuevo Solistahuacan',9),(1424,'San Josi del Progreso','San Josi del Progreso',19),(1425,'Huehuetla','Huehuetla',20),(1426,'San Diego de Alejandrma','San Diego de Alejandrma',14),(1427,'Tahdziz','Tahdziz',8),(1428,'San Antonio la Isla','San Antonio la Isla',17),(1429,'Hueyapan de Ocampo','Hueyapan de Ocampo',7),(1430,'Putla Villa de Guerrero','Putla Villa de Guerrero',19),(1431,'Huehuetlan el Chico','Huehuetlan el Chico',20),(1432,'Raysn','Raysn',9),(1433,'San Juan de los Lagos','San Juan de los Lagos',14),(1434,'Quiroga','Quiroga',18),(1435,'Tahmek','Tahmek',8),(1436,'Zirandaro','Zirandaro de los Chavez',30),(1437,'Tlanchinol','Tlanchinol',12),(1438,'San Felipe del Progreso','San Felipe del Progreso',17),(1439,'Huiloapan de Cuauhtimoc','Huiloapan de Cuauhtimoc',7),(1440,'Zitlala','Zitlala',30),(1441,'San Julian','San Julian',14),(1442,'Teabo','Teabo',8),(1443,'Huejotzingo','Huejotzingo',20),(1444,'Cojumatlan de Rigules','Cojumatlan de Rigules',18),(1445,'Reforma','Reforma',9),(1446,'Santa Catarina Quioquitan','Santa Catarina Quioquitani',19),(1447,'Tlaxcoapan','Tlaxcoapan',12),(1448,'Ignacio de la Llave','Ignacio de la Llave',7),(1449,'San Martmn de las Piramid','San Martmn de las Piramides',17),(1450,'Hueyapan','Hueyapan',20),(1451,'Reforma de Pineda','Reforma de Pineda',19),(1452,'Tolcayuca','Tolcayuca',12),(1453,'Los Reyes','Los Reyes de Salgado',18),(1454,'Eduardo Neri','Zumpango del Rmo',30),(1455,'Tecoh','Tecoh',8),(1456,'San Marcos','San Marcos',14),(1457,'Las Rosas','Las Rosas',9),(1458,'San Mateo Atenco','San Mateo Atenco',17),(1459,'Ilamatlan','Ilamatlan',7),(1460,'San Martmn de Bolaqos','San Martmn de Bolaqos',14),(1461,'Acatepec','Acatepec',30),(1462,'Tula de Allende','Tula de Allende',12),(1463,'La Reforma','La Reforma',19),(1464,'Tekal de Venegas','Tekal de Venegas',8),(1465,'Sabanilla','Sabanilla',9),(1466,'Sahuayo','Sahuayo de Morelos',18),(1467,'Hueytamalco','Hueytamalco',20),(1468,'San Simsn de Guerrero','San Simsn de Guerrero',17),(1469,'Isla','Isla',7),(1470,'San Martmn Hidalgo','San Martmn Hidalgo',14),(1471,'Salto de Agua','Salto de Agua',9),(1472,'Marquelia','Marquelia',30),(1473,'Reyes Etla','Reyes Etla',19),(1474,'San Lucas','San Lucas',18),(1475,'Tekants','Tekants',8),(1476,'Hueytlalpan','Hueytlalpan',20),(1477,'Tulancingo de Bravo','Tulancingo',12),(1478,'Santo Tomas','Santo Tomas de los Platanos',17),(1479,'Ixcatepec','Ixcatepec',7),(1480,'Cochoapa el Grande','Cochoapa el Grande',30),(1481,'Xochiatipan','Xochiatipan',12),(1482,'San Cristsbal de las Casa','San Cristsbal de las Casas',9),(1483,'Santa Ana Maya','Santa Ana Maya',18),(1484,'San Miguel el Alto','San Miguel el Alto',14),(1485,'Tekax','Tekax de Alvaro Obregsn',8),(1486,'Huitzilan de Serdan','Huitzilan',20),(1487,'Rojas de Cuauhtimoc','Rojas de Cuauhtimoc',19),(1488,'Soyaniquilpan de Juarez','San Francisco Soyaniquilpan',17),(1489,'Ixhuacan de los Reyes','Ixhuacan de los Reyes',7),(1490,'Xochicoatlan','Xochicoatlan',12),(1491,'San Fernando','San Fernando',9),(1492,'Tekit','Tekit',8),(1493,'Gsmez Farmas','San Sebastian del Sur',14),(1494,'Josi Joaqumn de Herrera','Hueycantenango',30),(1495,'Huitziltepec','Santa Clara Huitziltepec',20),(1496,'Salvador Escalante','Santa Clara del Cobre',18),(1497,'Salina Cruz','Salina Cruz',19),(1498,'Ixhuatlan del Cafi','Ixhuatlan del Cafi',7),(1499,'Sultepec','Sultepec de Pedro Ascencio de Alquisiras',17),(1500,'Atlequizayan','Atlequizayan',20),(1501,'Senguio','Senguio',18),(1502,'San Agustmn Amatengo','San Agustmn Amatengo',19),(1503,'San Sebastian del Oeste','San Sebastian del Oeste',14),(1504,'Juchitan','Juchitan',30),(1505,'Tekom','Tekom',8),(1506,'Siltepec','Siltepec',9),(1507,'Yahualica','Yahualica',12),(1508,'Tecamac','Tecamac de Felipe Villanueva',17),(1509,'Ixhuatlancillo','Ixhuatlancillo',7),(1510,'Santa Marma de los Angele','Santa Marma de los Angeles',14),(1511,'Telchac Pueblo','Telchac',8),(1512,'Simojovel','Simojovel de Allende',9),(1513,'Ixcamilpa de Guerrero','Ixcamilpa',20),(1514,'Susupuato','Susupuato de Guerrero',18),(1515,'Zacualtipan de Angeles','Zacualtipan',12),(1516,'Iliatenco','Iliatenco',30),(1517,'San Agustmn Atenango','San Agustmn Atenango',19),(1518,'Tejupilco','Tejupilco de Hidalgo',17),(1519,'Ixhuatlan del Sureste','Ixhuatlan del Sureste',7),(1520,'Telchac Puerto','Telchac Puerto',8),(1521,'Tacambaro','Tacambaro de Codallos',18),(1522,'Sitala','Sitala',9),(1523,'Zapotlan de Juarez','Zapotlan de Juarez',12),(1524,'Sayula','Sayula',14),(1525,'San Agustmn Chayuco','San Agustmn Chayuco',19),(1526,'Ixcaquixtla','San Juan Ixcaquixtla',20),(1527,'Temamatla','Temamatla',17),(1528,'Zempoala','Zempoala',12),(1529,'Ixtacamaxtitlan','Ixtacamaxtitlan',20),(1530,'Temax','Temax',8),(1531,'Tancmtaro','Tancmtaro',18),(1532,'San Agustmn de las Juntas','San Agustmn de las Juntas',19),(1533,'Tala','Tala',14),(1534,'Ixhuatlan de Madero','Ixhuatlan de Madero',7),(1535,'Socoltenango','Socoltenango',9),(1536,'Temascalapa','Temascalapa',17),(1537,'Talpa de Allende','Talpa de Allende',14),(1538,'Tangamandapio','Santiago Tangamandapio',18),(1539,'Ixtepec','Ixtepec',20),(1540,'Solosuchiapa','Solosuchiapa',9),(1541,'Temozsn','Temozsn',8),(1542,'San Agustmn Etla','San Agustmn Etla',19),(1543,'Ixmatlahuacan','Ixmatlahuacan',7),(1544,'Zimapan','Zimapan',12),(1545,'Temascalcingo','Temascalcingo de Josi Marma Velasco',17),(1546,'Tamazula de Gordiano','Tamazula de Gordiano',14),(1547,'San Agustmn Loxicha','San Agustmn Loxicha',19),(1548,'Tangancmcuaro','Tangancmcuaro de Arista',18),(1549,'Tepakan','Tepakan',8),(1550,'Ixtaczoquitlan','Ixtaczoquitlan',7),(1551,'Izzcar de Matamoros','Izzcar de Matamoros',20),(1552,'Soyals','Soyals',9),(1553,'Temascaltepec','Temascaltepec de Gonzalez',17),(1554,'Tanhuato','Tanhuato de Guerrero',18),(1555,'Tetiz','Tetiz',8),(1556,'San Agustmn Tlacotepec','San Agustmn Tlacotepec',19),(1557,'Tapalpa','Tapalpa',14),(1558,'Suchiapa','Suchiapa',9),(1559,'Jalacingo','Jalacingo',7),(1560,'Jalpan','Jalpan',20),(1561,'Temoaya','Temoaya',17),(1562,'Taretan','Taretan',18),(1563,'San Agustmn Yatareni','San Agustmn Yatareni',19),(1564,'Suchiate','Ciudad Hidalgo',9),(1565,'Xalapa','Xalapa-Enrmquez',7),(1566,'Teya','Teya',8),(1567,'Jolalpan','Jolalpan',20),(1568,'Tecalitlan','Tecalitlan',14),(1569,'Tenancingo','Tenancingo de Degollado',17),(1570,'Tarmmbaro','Tarmmbaro',18),(1571,'San Andris Cabecera Nueva','San Andris Cabecera Nueva',19),(1572,'Sunuapa','Sunuapa',9),(1573,'Jalcomulco','Jalcomulco',7),(1574,'Tecolotlan','Tecolotlan',14),(1575,'Ticul','Ticul',8),(1576,'Jonotla','Jonotla',20),(1577,'Tenango del Aire','Tenango del Aire',17),(1578,'Tepalcatepec','Tepalcatepec',18),(1579,'San Andris Dinicuiti','San Andris Dinicuiti',19),(1580,'Jopala','Jopala',20),(1581,'Jaltipan','Jaltipan de Morelos',7),(1582,'Timucuy','Timucuy',8),(1583,'Tapachula','Tapachula de Csrdova y Ordsqez',9),(1584,'Techaluta de Montenegro','Techaluta de Montenegro',14),(1585,'Tenango del Valle','Tenango de Arista',17),(1586,'Tapalapa','Tapalapa',9),(1587,'Tenamaxtlan','Tenamaxtlan',14),(1588,'Juan C. Bonilla','Cuanala',20),(1589,'Tingambato','Tingambato',18),(1590,'Tinum','Tinum',8),(1591,'Jamapa','Jamapa',7),(1592,'San Andris Huaxpaltepec','San Andris Huaxpaltepec',19),(1593,'Teoloyucan','Teoloyucan',17),(1594,'Ting|indmn','Ting|indmn',18),(1595,'San Andris Huayapam','San Andris Huayapam',19),(1596,'Jeszs Carranza','Jeszs Carranza',7),(1597,'Tapilula','Tapilula',9),(1598,'Tixcacalcupul','Tixcacalcupul',8),(1599,'Juan Galindo','Nuevo Necaxa',20),(1600,'Teocaltiche','Teocaltiche',14),(1601,'Teotihuacan','Teotihuacan de Arista',17),(1602,'Juan N. Mindez','Atenayuca',20),(1603,'Xico','Xico',7),(1604,'Tiquicheo de Nicolas Rome','Tiquicheo',18),(1605,'Tecpatan','Tecpatan',9),(1606,'San Andris Ixtlahuaca','San Andris Ixtlahuaca',19),(1607,'Tixkokob','Tixkokob',8),(1608,'Teocuitatlan de Corona','Teocuitatlan de Corona',14),(1609,'Tepetlaoxtoc','Tepetlaoxtoc de Hidalgo',17),(1610,'Tlalpujahua','Tlalpujahua de Raysn',18),(1611,'Tenejapa','Tenejapa',9),(1612,'San Andris Lagunas','San Andris Lagunas',19),(1613,'Jilotepec','Jilotepec',7),(1614,'Tepatitlan de Morelos','Tepatitlan de Morelos',14),(1615,'Tixmehuac','Tixmehuac',8),(1616,'Lafragua','Saltillo',20),(1617,'Tepetlixpa','Tepetlixpa',17),(1618,'Teopisca','Teopisca',9),(1619,'Tequila','Tequila',14),(1620,'Tlazazalca','Tlazazalca',18),(1621,'San Andris Nuxiqo','San Andris Nuxiqo',19),(1622,'Libres','Ciudad de Libres',20),(1623,'Juan Rodrmguez Clara','Juan Rodrmguez Clara',7),(1624,'Tixpihual','Tixpihual',8),(1625,'Tepotzotlan','Tepotzotlan',17),(1626,'Teuchitlan','Teuchitlan',14),(1627,'Tila','Tila',9),(1628,'Tocumbo','Tocumbo',18),(1629,'La Magdalena Tlatlauquite','La Magdalena Tlatlauquitepec',20),(1630,'Tizimmn','Tizimmn',8),(1631,'Juchique de Ferrer','Juchique de Ferrer',7),(1632,'San Andris Paxtlan','San Andris Paxtlan',19),(1633,'Tequixquiac','Tequixquiac',17),(1634,'Tumbiscatmo','Tumbiscatmo de Ruiz',18),(1635,'Tonala','Tonala',9),(1636,'Landero y Coss','Landero y Coss',7),(1637,'Tunkas','Tunkas',8),(1638,'San Andris Sinaxtla','San Andris Sinaxtla',19),(1639,'Tizapan el Alto','Tizapan el Alto',14),(1640,'Mazapiltepec de Juarez','Mazapiltepec de Juarez',20),(1641,'Texcaltitlan','Texcaltitlan',17),(1642,'Tlajomulco de Zzqiga','Tlajomulco de Zzqiga',14),(1643,'Totolapa','Totolapa',9),(1644,'Lerdo de Tejada','Lerdo de Tejada',7),(1645,'San Andris Solaga','San Andris Solaga',19),(1646,'Tzucacab','Tzucacab',8),(1647,'Mixtla','San Francisco Mixtla',20),(1648,'Turicato','Turicato',18),(1649,'Texcalyacac','San Mateo Texcalyacac',17),(1650,'La Trinitaria','La Trinitaria',9),(1651,'Tuxpan','Tuxpan',18),(1652,'Molcaxac','Molcaxac',20),(1653,'Magdalena','Magdalena',7),(1654,'San Andris Teotilalpam','San Andris Teotilalpam',19),(1655,'Uayma','Uayma',8),(1656,'San Pedro Tlaquepaque','Tlaquepaque',14),(1657,'Texcoco','Texcoco de Mora',17),(1658,'Tumbala','Tumbala',9),(1659,'Caqada Morelos','Morelos Caqada',20),(1660,'Maltrata','Maltrata',7),(1661,'Tuzantla','Tuzantla',18),(1662,'San Andris Tepetlapa','San Andris Tepetlapa',19),(1663,'Toliman','Toliman',14),(1664,'Ucz','Ucz',8),(1665,'Tezoyuca','Tezoyuca',17),(1666,'Tzintzuntzan','Tzintzuntzan',18),(1667,'Tuxtla Gutiirrez','Tuxtla Gutiirrez',9),(1668,'Naupan','Naupan',20),(1669,'Tomatlan','Tomatlan',14),(1670,'Manlio Fabio Altamirano','Manlio Fabio Altamirano',7),(1671,'San Andris Yaa','San Andris Yaa',19),(1672,'Uman','Uman',8),(1673,'Tianguistenco','Santiago Tianguistenco de Galeana',17),(1674,'Tzitzio','Tzitzio',18),(1675,'Tuxtla Chico','Tuxtla Chico',9),(1676,'Mariano Escobedo','Mariano Escobedo',7),(1677,'Tonala','Tonala',14),(1678,'Nauzontla','Nauzontla',20),(1679,'San Andris Zabache','San Andris Zabache',19),(1680,'Valladolid','Valladolid',8),(1681,'Timilpan','San Andris Timilpan',17),(1682,'Tuzantan','Tuzantan',9),(1683,'Martmnez de la Torre','Martmnez de la Torre',7),(1684,'San Andris Zautla','San Andris Zautla',19),(1685,'Uruapan','Uruapan',18),(1686,'Nealtican','San Buenaventura Nealtican',20),(1687,'Tonaya','Tonaya',14),(1688,'Xocchel','Xocchel',8),(1689,'Tlalmanalco','Tlalmanalco de Velazquez',17),(1690,'Tzimol','Tzimol',9),(1691,'San Antonino Castillo Vel','San Antonino Castillo Velasco',19),(1692,'Mecatlan','Mecatlan',7),(1693,'Yaxcaba','Yaxcaba',8),(1694,'Venustiano Carranza','Venustiano Carranza',18),(1695,'Nicolas Bravo','Nicolas Bravo',20),(1696,'Tonila','Tonila',14),(1697,'Tlalnepantla de Baz','Tlalnepantla',17),(1698,'Unisn Juarez','Unisn Juarez',9),(1699,'Villamar','Villamar',18),(1700,'Nopalucan','Nopalucan de la Granja',20),(1701,'Mecayapan','Mecayapan',7),(1702,'Yaxkukul','Yaxkukul',8),(1703,'Totatiche','Totatiche',14),(1704,'San Antonino el Alto','San Antonino el Alto',19),(1705,'Tlatlaya','Tlatlaya',17),(1706,'Vista Hermosa','Vista Hermosa de Negrete',18),(1707,'Medellmn de Bravo','Medellmn',7),(1708,'Tototlan','Tototlan',14),(1709,'Ocotepec','Ocotepec',20),(1710,'San Antonino Monte Verde','San Antonino Monte Verde',19),(1711,'Venustiano Carranza','Venustiano Carranza',9),(1712,'Yobamn','Yobamn',8),(1713,'Toluca','Toluca de Lerdo',17),(1714,'Tuxcacuesco','Tuxcacuesco',14),(1715,'Miahuatlan','Miahuatlan',7),(1716,'Yuricuaro','Yuricuaro',18),(1717,'Villa Corzo','Villa Corzo',9),(1718,'Ocoyucan','Santa Clara Ocoyucan',20),(1719,'San Antonio Acutla','San Antonio Acutla',19),(1720,'Tonatico','Tonatico',17),(1721,'Tuxcueca','Tuxcueca',14),(1722,'Las Minas','Las Minas',7),(1723,'Zacapu','Zacapu',18),(1724,'Olintla','Olintla',20),(1725,'Tultepec','Tultepec',17),(1726,'Villaflores','Villaflores',9),(1727,'San Antonio de la Cal','San Antonio de la Cal',19),(1728,'Zamora','Zamora de Hidalgo',18),(1729,'Tuxpan','Tuxpan',14),(1730,'Minatitlan','Minatitlan',7),(1731,'Tultitlan','Tultitlan de Mariano Escobedo',17),(1732,'Yajalsn','Yajalsn',9),(1733,'Oriental','Oriental',20),(1734,'San Antonio Huitepec','San Antonio Huitepec',19),(1735,'Unisn de San Antonio','Unisn de San Antonio',14),(1736,'Misantla','Misantla',7),(1737,'Zinaparo','Zinaparo',18),(1738,'San Lucas','San Lucas',9),(1739,'Pahuatlan','Ciudad de Pahuatlan de Valle',20),(1740,'Valle de Bravo','Valle de Bravo',17),(1741,'San Antonio Nanahuatmpam','San Antonio Nanahuatmpam',19),(1742,'Zinapicuaro','Zinapicuaro de Figueroa',18),(1743,'Mixtla de Altamirano','Mixtla de Altamirano',7),(1744,'Unisn de Tula','Unisn de Tula',14),(1745,'Palmar de Bravo','Palmar de Bravo',20),(1746,'San Antonio Sinicahua','San Antonio Sinicahua',19),(1747,'Villa de Allende','San Josi Villa de Allende',17),(1748,'Zinacantan','Zinacantan',9),(1749,'Moloacan','Moloacan',7),(1750,'Valle de Guadalupe','Valle de Guadalupe',14),(1751,'Ziracuaretiro','Ziracuaretiro',18),(1752,'Villa del Carbsn','Villa del Carbsn',17),(1753,'Pantepec','Pantepec',20),(1754,'San Juan Cancuc','San Juan Cancuc',9),(1755,'San Antonio Tepetlapa','San Antonio Tepetlapa',19),(1756,'Zitacuaro','Hersica Zitacuaro',18),(1757,'Naolinco','Naolinco de Victoria',7),(1758,'Valle de Juarez','Valle de Juarez',14),(1759,'San Baltazar Chichicapam','San Baltazar Chichicapam',19),(1760,'Petlalcingo','Petlalcingo',20),(1761,'Aldama','Aldama',9),(1762,'Villa Guerrero','Villa Guerrero',17),(1763,'Josi Sixto Verduzco','Pastor Ortiz',18),(1764,'San Gabriel','San Gabriel',14),(1765,'Naranjal','Naranjal',7),(1766,'Benemirito de las Amirica','Benemirito de las Amiricas',9),(1767,'Villa Victoria','Villa Victoria',17),(1768,'San Baltazar Loxicha','San Baltazar Loxicha',19),(1769,'Piaxtla','Piaxtla',20),(1770,'Villa Corona','Villa Corona',14),(1771,'Nautla','Nautla',7),(1772,'Puebla','Hersica Puebla de Zaragoza',20),(1773,'Maravilla Tenejapa','Maravilla Tenejapa',9),(1774,'San Baltazar Yatzachi el ','San Baltazar Yatzachi el Bajo',19),(1775,'Xonacatlan','Xonacatlan',17),(1776,'Villa Guerrero','Villa Guerrero',14),(1777,'Nogales','Nogales',7),(1778,'Marquis de Comillas','Zamora Pico de Oro',9),(1779,'San Bartolo Coyotepec','San Bartolo Coyotepec',19),(1780,'Quecholac','Quecholac',20),(1781,'Zacazonapan','Zacazonapan',17),(1782,'Villa Hidalgo','Villa Hidalgo',14),(1783,'Oluta','Oluta',7),(1784,'San Bartolomi Ayautla','San Bartolomi Ayautla',19),(1785,'Zacualpan','Zacualpan',17),(1786,'Montecristo de Guerrero','Montecristo de Guerrero',9),(1787,'Quimixtlan','Quimixtlan',20),(1788,'Caqadas de Obregsn','Caqadas de Obregsn',14),(1789,'Omealca','Omealca',7),(1790,'Zinacantepec','San Miguel Zinacantepec',17),(1791,'Rafael Lara Grajales','Ciudad de Rafael Lara Grajales',20),(1792,'San Andris Duraznal','San Andris Duraznal',9),(1793,'San Bartolomi Loxicha','San Bartolomi Loxicha',19),(1794,'Yahualica de Gonzalez Gal','Yahualica de Gonzalez Gallo',14),(1795,'Orizaba','Orizaba',7),(1796,'Los Reyes de Juarez','Los Reyes de Juarez',20),(1797,'Santiago el Pinar','Santiago el Pinar',9),(1798,'San Bartolomi Quialana','San Bartolomi Quialana',19),(1799,'Zumpahuacan','Zumpahuacan',17),(1800,'Otatitlan','Otatitlan',7),(1801,'Zacoalco de Torres','Zacoalco de Torres',14),(1802,'San Andris Cholula','San Andris Cholula',20),(1803,'San Bartolomi Yucuaqe','San Bartolomi Yucuaqe',19),(1804,'Zumpango','Zumpango de Ocampo',17),(1805,'Zapopan','Zapopan',14),(1806,'Oteapan','Oteapan',7),(1807,'San Antonio Caqada','San Antonio Caqada',20),(1808,'Cuautitlan Izcalli','Cuautitlan Izcalli',17),(1809,'San Bartolomi Zoogocho','San Bartolomi Zoogocho',19),(1810,'Zapotiltic','Zapotiltic',14),(1811,'Ozuluama de Mascareqas','Ozuluama de Mascareqas',7),(1812,'San Bartolo Soyaltepec','San Bartolo Soyaltepec',19),(1813,'Valle de Chalco Solidarid','Xico',17),(1814,'San Diego la Mesa Tochimi','Tochimiltzingo',20),(1815,'Zapotitlan de Vadillo','Zapotitlan de Vadillo',14),(1816,'Pajapan','Pajapan',7),(1817,'San Felipe Teotlalcingo','San Felipe Teotlalcingo',20),(1818,'San Bartolo Yautepec','San Bartolo Yautepec',19),(1819,'Luvianos','Villa Luvianos',17),(1820,'Panuco','Panuco',7),(1821,'Zapotlan del Rey','Zapotlan del Rey',14),(1822,'San Felipe Tepatlan','San Felipe Tepatlan',20),(1823,'San Bernardo Mixtepec','San Bernardo Mixtepec',19),(1824,'San Josi del Rincsn','San Josi del Rincsn Centro',17),(1825,'Zapotlanejo','Zapotlanejo',14),(1826,'Papantla','Papantla de Olarte',7),(1827,'San Blas Atempa','San Blas Atempa',19),(1828,'San Gabriel Chilac','San Gabriel Chilac',20),(1829,'Tonanitla','Santa Marma Tonanitla',17),(1830,'San Ignacio Cerro Gordo','San Ignacio Cerro Gordo',14),(1831,'Paso del Macho','Paso del Macho',7),(1832,'San Carlos Yautepec','San Carlos Yautepec',19),(1833,'San Gregorio Atzompa','San Gregorio Atzompa',20),(1834,'Paso de Ovejas','Paso de Ovejas',7),(1835,'San Jersnimo Tecuanipan','San Jersnimo Tecuanipan',20),(1836,'San Cristsbal Amatlan','San Cristsbal Amatlan',19),(1837,'La Perla','La Perla',7),(1838,'San Jersnimo Xayacatlan','San Jersnimo Xayacatlan',20),(1839,'San Cristsbal Amoltepec','San Cristsbal Amoltepec',19),(1840,'Perote','Perote',7),(1841,'San Josi Chiapa','San Josi Chiapa',20),(1842,'San Cristsbal Lachirioag','San Cristsbal Lachirioag',19),(1843,'Platsn Sanchez','Platsn Sanchez',7),(1844,'San Cristsbal Suchixtlahu','San Cristsbal Suchixtlahuaca',19),(1845,'San Josi Miahuatlan','San Josi Miahuatlan',20),(1846,'Playa Vicente','Playa Vicente',7),(1847,'San Dionisio del Mar','San Dionisio del Mar',19),(1848,'San Juan Atenco','San Juan Atenco',20),(1849,'Poza Rica de Hidalgo','Poza Rica de Hidalgo',7),(1850,'San Dionisio Ocotepec','San Dionisio Ocotepec',19),(1851,'San Juan Atzompa','San Juan Atzompa',20),(1852,'Las Vigas de Rammrez','Las Vigas de Rammrez',7),(1853,'San Dionisio Ocotlan','San Dionisio Ocotlan',19),(1854,'San Martmn Texmelucan','San Martmn Texmelucan de Labastida',20),(1855,'Pueblo Viejo','Cd. Cuauhtimoc',7),(1856,'San Esteban Atatlahuca','San Esteban Atatlahuca',19),(1857,'San Martmn Totoltepec','San Martmn Totoltepec',20),(1858,'Puente Nacional','Puente Nacional',7),(1859,'San Matmas Tlalancaleca','San Matmas Tlalancaleca',20),(1860,'San Felipe Jalapa de Dmaz','San Felipe Jalapa de Dmaz',19),(1861,'Rafael Delgado','Rafael Delgado',7),(1862,'San Felipe Tejalapam','San Felipe Tejalapam',19),(1863,'San Miguel Ixitlan','San Miguel Ixitlan',20),(1864,'Rafael Lucio','Rafael Lucio',7),(1865,'San Miguel Xoxtla','San Miguel Xoxtla',20),(1866,'San Felipe Usila','San Felipe Usila',19),(1867,'Los Reyes','Los Reyes',7),(1868,'San Francisco Cahuacua','San Francisco Cahuacua',19),(1869,'San Nicolas Buenos Aires','San Nicolas Buenos Aires',20),(1870,'Rmo Blanco','Rmo Blanco',7),(1871,'San Francisco Cajonos','San Francisco Cajonos',19),(1872,'San Nicolas de los Rancho','San Nicolas de los Ranchos',20),(1873,'Saltabarranca','Saltabarranca',7),(1874,'San Pablo Anicano','San Pablo Anicano',20),(1875,'San Francisco Chapulapa','San Francisco Chapulapa',19),(1876,'San Andris Tenejapan','San Andris Tenejapan',7),(1877,'San Pedro Cholula','Cholula de Rivadavia',20),(1878,'San Francisco Chindza','San Francisco Chindza',19),(1879,'San Andris Tuxtla','San Andris Tuxtla',7),(1880,'San Pedro Yeloixtlahuaca','San Pedro Yeloixtlahuaca',20),(1881,'San Francisco del Mar','San Francisco del Mar',19),(1882,'San Juan Evangelista','San Juan Evangelista',7),(1883,'San Salvador el Seco','San Salvador el Seco',20),(1884,'San Francisco Huehuetlan','San Francisco Huehuetlan',19),(1885,'Santiago Tuxtla','Santiago Tuxtla',7),(1886,'San Salvador el Verde','San Salvador el Verde',20),(1887,'San Francisco Ixhuatan','San Francisco Ixhuatan',19),(1888,'Sayula de Aleman','Sayula de Aleman',7),(1889,'San Salvador Huixcolotla','San Salvador Huixcolotla',20),(1890,'San Francisco Jaltepetong','San Francisco Jaltepetongo',19),(1891,'Soconusco','Soconusco',7),(1892,'San Sebastian Tlacotepec','Tlacotepec de Porfirio Dmaz',20),(1893,'San Francisco Lachigols','San Francisco Lachigols',19),(1894,'Sochiapa','Sochiapa',7),(1895,'Santa Catarina Tlaltempan','Santa Catarina Tlaltempan',20),(1896,'San Francisco Logueche','San Francisco Logueche',19),(1897,'Soledad Atzompa','Soledad Atzompa',7),(1898,'Santa Inis Ahuatempan','Santa Inis Ahuatempan',20),(1899,'San Francisco Nuxaqo','San Francisco Nuxaqo',19),(1900,'Soledad de Doblado','Soledad de Doblado',7),(1901,'San Francisco Ozolotepec','San Francisco Ozolotepec',19),(1902,'Santa Isabel Cholula','Santa Isabel Cholula',20),(1903,'Soteapan','Soteapan',7),(1904,'Santiago Miahuatlan','Santiago Miahuatlan',20),(1905,'San Francisco Sola','San Francisco Sola',19),(1906,'Tamalmn','Tamalmn',7),(1907,'Huehuetlan el Grande','Santo Domingo Huehuetlan',20),(1908,'San Francisco Telixtlahua','San Francisco Telixtlahuaca',19),(1909,'Tamiahua','Tamiahua',7),(1910,'Santo Tomas Hueyotlipan','Santo Tomas Hueyotlipan',20),(1911,'San Francisco Teopan','San Francisco Teopan',19),(1912,'Tampico Alto','Tampico Alto',7),(1913,'Soltepec','Soltepec',20),(1914,'San Francisco Tlapancingo','San Francisco Tlapancingo',19),(1915,'Tancoco','Tancoco',7),(1916,'Tecali de Herrera','Tecali de Herrera',20),(1917,'San Gabriel Mixtepec','San Gabriel Mixtepec',19),(1918,'Tantima','Tantima',7),(1919,'San Ildefonso Amatlan','San Ildefonso Amatlan',19),(1920,'Tecamachalco','Tecamachalco',20),(1921,'Tantoyuca','Tantoyuca',7),(1922,'Tecomatlan','Tecomatlan',20),(1923,'San Ildefonso Sola','San Ildefonso Sola',19),(1924,'Tatatila','Tatatila',7),(1925,'San Ildefonso Villa Alta','San Ildefonso Villa Alta',19),(1926,'Tehuacan','Tehuacan',20),(1927,'Castillo de Teayo','Castillo de Teayo',7),(1928,'Tehuitzingo','Tehuitzingo',20),(1929,'San Jacinto Amilpas','San Jacinto Amilpas',19),(1930,'Tecolutla','Tecolutla',7),(1931,'San Jacinto Tlacotepec','San Jacinto Tlacotepec',19),(1932,'Tenampulco','Tenampulco',20),(1933,'Tehuipango','Tehuipango',7),(1934,'San Jersnimo Coatlan','San Jersnimo Coatlan',19),(1935,'Teopantlan','Teopantlan',20),(1936,'Alamo Temapache','Alamo',7),(1937,'San Jersnimo Silacayoapil','San Jersnimo Silacayoapilla',19),(1938,'Teotlalco','Teotlalco',20),(1939,'Tempoal','Tempoal de Sanchez',7),(1940,'Tepanco de Lspez','Tepanco de Lspez',20),(1941,'San Jersnimo Sosola','San Jersnimo Sosola',19),(1942,'Tenampa','Tenampa',7),(1943,'Tepango de Rodrmguez','Tepango de Rodrmguez',20),(1944,'San Jersnimo Taviche','San Jersnimo Taviche',19),(1945,'Tenochtitlan','Tenochtitlan',7),(1946,'San Jersnimo Tecsatl','San Jersnimo Tecsatl',19),(1947,'Tepatlaxco de Hidalgo','Tepatlaxco de Hidalgo',20),(1948,'Teocelo','Teocelo',7),(1949,'Tepeaca','Tepeaca',20),(1950,'San Jorge Nuchita','San Jorge Nuchita',19),(1951,'Tepatlaxco','Tepatlaxco',7),(1952,'Tepemaxalco','San Felipe Tepemaxalco',20),(1953,'San Josi Ayuquila','San Josi Ayuquila',19),(1954,'Tepetlan','Tepetlan',7),(1955,'San Josi Chiltepec','San Josi Chiltepec',19),(1956,'Tepeojuma','Tepeojuma',20),(1957,'Tepetzintla','Tepetzintla',7),(1958,'Tepetzintla','Tepetzintla',20),(1959,'San Josi del Peqasco','San Josi del Peqasco',19),(1960,'Tequila','Tequila',7),(1961,'San Josi Estancia Grande','San Josi Estancia Grande',19),(1962,'Tepexco','Tepexco',20),(1963,'Josi Azueta','Villa Azueta',7),(1964,'Tepexi de Rodrmguez','Tepexi de Rodrmguez',20),(1965,'San Josi Independencia','San Josi Independencia',19),(1966,'Texcatepec','Texcatepec',7),(1967,'Tepeyahualco','Tepeyahualco',20),(1968,'San Josi Lachiguiri','San Josi Lachiguiri',19),(1969,'Texhuacan','Texhuacan',7),(1970,'Tepeyahualco de Cuauhtimo','Tepeyahualco de Cuauhtimoc',20),(1971,'San Josi Tenango','San Josi Tenango',19),(1972,'Texistepec','Texistepec',7),(1973,'Tetela de Ocampo','Ciudad de Tetela de Ocampo',20),(1974,'San Juan Achiutla','San Juan Achiutla',19),(1975,'Tezonapa','Tezonapa',7),(1976,'Teteles de Avila Castillo','Teteles de Avila Castillo',20),(1977,'San Juan Atepec','San Juan Atepec',19),(1978,'Tierra Blanca','Tierra Blanca',7),(1979,'Teziutlan','Teziutlan',20),(1980,'Animas Trujano','Animas Trujano',19),(1981,'Tihuatlan','Tihuatlan',7),(1982,'Tianguismanalco','Tianguismanalco',20),(1983,'San Juan Bautista Atatlah','San Juan Bautista Atatlahuca',19),(1984,'Tlacojalpan','Tlacojalpan',7),(1985,'San Juan Bautista Coixtla','San Juan Bautista Coixtlahuaca',19),(1986,'Tilapa','Tilapa',20),(1987,'Tlacolulan','Tlacolulan',7),(1988,'San Juan Bautista Cuicatl','San Juan Bautista Cuicatlan',19),(1989,'Tlacotepec de Benito Juar','Tlacotepec de Benito Juarez',20),(1990,'Tlacotalpan','Tlacotalpan',7),(1991,'Tlacuilotepec','Tlacuilotepec',20),(1992,'San Juan Bautista Guelach','San Juan Bautista Guelache',19),(1993,'Tlacotepec de Mejma','Tlacotepec de Mejma',7),(1994,'Tlachichuca','Tlachichuca',20),(1995,'San Juan Bautista Jayacat','San Juan Bautista Jayacatlan',19),(1996,'Tlachichilco','Tlachichilco',7),(1997,'San Juan Bautista Lo de S','San Juan Bautista Lo de Soto',19),(1998,'Tlahuapan','Santa Rita Tlahuapan',20),(1999,'Tlalixcoyan','Tlalixcoyan',7),(2000,'Tlaltenango','Tlaltenango',20),(2001,'San Juan Bautista Suchite','San Juan Bautista Suchitepec',19),(2002,'Tlalnelhuayocan','Tlalnelhuayocan',7),(2003,'Tlanepantla','Tlanepantla',20),(2004,'San Juan Bautista Tlacoat','San Juan Bautista Tlacoatzintepec',19),(2005,'Tlapacoyan','Tlapacoyan',7),(2006,'Tlaola','Tlaola',20),(2007,'San Juan Bautista Tlachic','San Juan Bautista Tlachichilco',19),(2008,'Tlaquilpa','Tlaquilpa',7),(2009,'Tlapacoya','Tlapacoya',20),(2010,'San Juan Bautista Tuxtepe','San Juan Bautista Tuxtepec',19),(2011,'Tlilapan','Tlilapan',7),(2012,'Tlapanala','Tlapanala',20),(2013,'San Juan Cacahuatepec','San Juan Cacahuatepec',19),(2014,'Tomatlan','Tomatlan',7),(2015,'San Juan Cieneguilla','San Juan Cieneguilla',19),(2016,'Tlatlauquitepec','Ciudad de Tlatlauquitepec',20),(2017,'Tonayan','Tonayan',7),(2018,'Tlaxco','Tlaxco',20),(2019,'San Juan Coatzsspam','San Juan Coatzsspam',19),(2020,'Totutla','Totutla',7),(2021,'San Juan Colorado','San Juan Colorado',19),(2022,'Tochimilco','Tochimilco',20),(2023,'Tuxpan','Tzxpam de Rodrmguez Cano',7),(2024,'Tochtepec','Tochtepec',20),(2025,'San Juan Comaltepec','San Juan Comaltepec',19),(2026,'Tuxtilla','Tuxtilla',7),(2027,'Totoltepec de Guerrero','Totoltepec de Guerrero',20),(2028,'San Juan Cotzocsn','San Juan Cotzocsn',19),(2029,'Ursulo Galvan','Ursulo Galvan',7),(2030,'San Juan Chicomezzchil','San Juan Chicomezzchil',19),(2031,'Tulcingo','Tulcingo de Valle',20),(2032,'Vega de Alatorre','Vega de Alatorre',7),(2033,'Tuzamapan de Galeana','Tuzamapan de Galeana',20),(2034,'San Juan Chilateca','San Juan Chilateca',19),(2035,'Veracruz','Veracruz',7),(2036,'Tzicatlacoyan','Tzicatlacoyan',20),(2037,'San Juan del Estado','San Juan del Estado',19),(2038,'Villa Aldama','Villa Aldama',7),(2039,'Venustiano Carranza','Venustiano Carranza',20),(2040,'San Juan del Rmo','San Juan del Rmo',19),(2041,'Xoxocotla','Xoxocotla',7),(2042,'Vicente Guerrero','Santa Marma del Monte',20),(2043,'San Juan Diuxi','San Juan Diuxi',19),(2044,'Yanga','Yanga',7),(2045,'San Juan Evangelista Anal','San Juan Evangelista Analco',19),(2046,'Xayacatlan de Bravo','Xayacatlan de Bravo',20),(2047,'Yecuatla','Yecuatla',7),(2048,'San Juan Guelavma','San Juan Guelavma',19),(2049,'Xicotepec','Xicotepec de Juarez',20),(2050,'Zacualpan','Zacualpan',7),(2051,'San Juan Guichicovi','San Juan Guichicovi',19),(2052,'Xicotlan','Xicotlan',20),(2053,'Zaragoza','Zaragoza',7),(2054,'Xiutetelco','San Juan Xiutetelco',20),(2055,'San Juan Ihualtepec','San Juan Ihualtepec',19),(2056,'Zentla','Colonia Manuel Gonzalez',7),(2057,'Xochiapulco','Cinco de Mayo',20),(2058,'San Juan Juquila Mixes','San Juan Juquila Mixes',19),(2059,'Zongolica','Zongolica',7),(2060,'Xochiltepec','Xochiltepec',20),(2061,'San Juan Juquila Vijanos','San Juan Juquila Vijanos',19),(2062,'Zontecomatlan de Lspez y ','Zontecomatlan de Lspez y Fuentes',7),(2063,'San Juan Lachao','San Juan Lachao',19),(2064,'Xochitlan de Vicente Suar','Xochitlan de Vicente Suarez',20),(2065,'Zozocolco de Hidalgo','Zozocolco de Hidalgo',7),(2066,'Xochitlan Todos Santos','Xochitlan',20),(2067,'San Juan Lachigalla','San Juan Lachigalla',19),(2068,'Agua Dulce','Agua Dulce',7),(2069,'San Juan Lajarcia','San Juan Lajarcia',19),(2070,'Yaonahuac','Yaonahuac',20),(2071,'El Higo','El Higo',7),(2072,'Yehualtepec','Yehualtepec',20),(2073,'San Juan Lalana','San Juan Lalana',19),(2074,'Nanchital de Lazaro Carde','Nanchital de Lazaro Cardenas del Rmo',7),(2075,'Zacapala','Zacapala',20),(2076,'San Juan de los Cuis','San Juan de los Cuis',19),(2077,'Tres Valles','Tres Valles',7),(2078,'San Juan Mazatlan','San Juan Mazatlan',19),(2079,'Zacapoaxtla','Zacapoaxtla',20),(2080,'Carlos A. Carrillo','Carlos A. Carrillo',7),(2081,'San Juan Mixtepec','San Juan Mixtepec Distrito 08',19),(2082,'Zacatlan','Zacatlan',20),(2083,'Tatahuicapan de Juarez','Tatahuicapan',7),(2084,'Zapotitlan','Zapotitlan Salinas',20),(2085,'San Juan Mixtepec','San Juan Mixtepec Distrito 26',19),(2086,'Uxpanapa','Poblado 10',7),(2087,'Zapotitlan de Mindez','Zapotitlan de Mindez',20),(2088,'San Juan Qumm','San Juan Qumm',19),(2089,'San Rafael','San Rafael',7),(2090,'Zaragoza','Zaragoza',20),(2091,'San Juan Ozolotepec','San Juan Ozolotepec',19),(2092,'Santiago Sochiapan','Xochiapa',7),(2093,'Zautla','Santiago Zautla',20),(2094,'San Juan Petlapa','San Juan Petlapa',19),(2095,'San Juan Quiahije','San Juan Quiahije',19),(2096,'Zihuateutla','Zihuateutla',20),(2097,'San Juan Quiotepec','San Juan Quiotepec',19),(2098,'Zinacatepec','San Sebastian Zinacatepec',20),(2099,'San Juan Sayultepec','San Juan Sayultepec',19),(2100,'Zongozotla','Zongozotla',20),(2101,'San Juan Tabaa','San Juan Tabaa',19),(2102,'Zoquiapan','Zoquiapan',20),(2103,'San Juan Tamazola','San Juan Tamazola',19),(2104,'Zoquitlan','Zoquitlan',20),(2105,'San Juan Teita','San Juan Teita',19),(2106,'San Juan Teitipac','San Juan Teitipac',19),(2107,'San Juan Tepeuxila','San Juan Tepeuxila',19),(2108,'San Juan Teposcolula','San Juan Teposcolula',19),(2109,'San Juan Yaei','San Juan Yaei',19),(2110,'San Juan Yatzona','San Juan Yatzona',19),(2111,'San Juan Yucuita','San Juan Yucuita',19),(2112,'San Lorenzo','San Lorenzo',19),(2113,'San Lorenzo Albarradas','San Lorenzo Albarradas',19),(2114,'San Lorenzo Cacaotepec','San Lorenzo Cacaotepec',19),(2115,'San Lorenzo Cuaunecuiltit','San Lorenzo Cuaunecuiltitla',19),(2116,'San Lorenzo Texmelzcan','San Lorenzo Texmelzcan',19),(2117,'San Lorenzo Victoria','San Lorenzo Victoria',19),(2118,'San Lucas Camotlan','San Lucas Camotlan',19),(2119,'San Lucas Ojitlan','San Lucas Ojitlan',19),(2120,'San Lucas Quiavinm','San Lucas Quiavinm',19),(2121,'San Lucas Zoquiapam','San Lucas Zoquiapam',19),(2122,'San Luis Amatlan','San Luis Amatlan',19),(2123,'San Marcial Ozolotepec','San Marcial Ozolotepec',19),(2124,'San Marcos Arteaga','San Marcos Arteaga',19),(2125,'San Martmn de los Canseco','San Martmn de los Cansecos',19),(2126,'San Martmn Huamelzlpam','San Martmn Huamelzlpam',19),(2127,'San Martmn Itunyoso','San Martmn Itunyoso',19),(2128,'San Martmn Lachila','San Martmn Lachila',19),(2129,'San Martmn Peras','San Martmn Peras',19),(2130,'San Martmn Tilcajete','San Martmn Tilcajete',19),(2131,'San Martmn Toxpalan','San Martmn Toxpalan',19),(2132,'San Martmn Zacatepec','San Martmn Zacatepec',19),(2133,'San Mateo Cajonos','San Mateo Cajonos',19),(2134,'Capulalpam de Mindez','Capulalpam de Mindez',19),(2135,'San Mateo del Mar','San Mateo del Mar',19),(2136,'San Mateo Yoloxochitlan','San Mateo Yoloxochitlan',19),(2137,'San Mateo Etlatongo','San Mateo Etlatongo',19),(2138,'San Mateo Nejapam','San Mateo Nejapam',19),(2139,'San Mateo Peqasco','San Mateo Peqasco',19),(2140,'San Mateo Piqas','San Mateo Piqas',19),(2141,'San Mateo Rmo Hondo','San Mateo Rmo Hondo',19),(2142,'San Mateo Sindihui','San Mateo Sindihui',19),(2143,'San Mateo Tlapiltepec','San Mateo Tlapiltepec',19),(2144,'San Melchor Betaza','San Melchor Betaza',19),(2145,'San Miguel Achiutla','San Miguel Achiutla',19),(2146,'San Miguel Ahuehuetitlan','San Miguel Ahuehuetitlan',19),(2147,'San Miguel Aloapam','San Miguel Aloapam',19),(2148,'San Miguel Amatitlan','San Miguel Amatitlan',19),(2149,'San Miguel Amatlan','San Miguel Amatlan',19),(2150,'San Miguel Coatlan','San Miguel Coatlan',19),(2151,'San Miguel Chicahua','San Miguel Chicahua',19),(2152,'San Miguel Chimalapa','San Miguel Chimalapa',19),(2153,'San Miguel del Puerto','San Miguel del Puerto',19),(2154,'San Miguel del Rmo','San Miguel del Rmo',19),(2155,'San Miguel Ejutla','San Miguel Ejutla',19),(2156,'San Miguel el Grande','San Miguel el Grande',19),(2157,'San Miguel Huautla','San Miguel Huautla',19),(2158,'San Miguel Mixtepec','San Miguel Mixtepec',19),(2159,'San Miguel Panixtlahuaca','San Miguel Panixtlahuaca',19),(2160,'San Miguel Peras','San Miguel Peras',19),(2161,'San Miguel Piedras','San Miguel Piedras',19),(2162,'San Miguel Quetzaltepec','San Miguel Quetzaltepec',19),(2163,'San Miguel Santa Flor','San Miguel Santa Flor',19),(2164,'Villa Sola de Vega','Villa Sola de Vega',19),(2165,'San Miguel Soyaltepec','Temascal',19),(2166,'San Miguel Suchixtepec','San Miguel Suchixtepec',19),(2167,'Villa Talea de Castro','Villa Talea de Castro',19),(2168,'San Miguel Tecomatlan','San Miguel Tecomatlan',19),(2169,'San Miguel Tenango','San Miguel Tenango',19),(2170,'San Miguel Tequixtepec','San Miguel Tequixtepec',19),(2171,'San Miguel Tilquiapam','San Miguel Tilquiapam',19),(2172,'San Miguel Tlacamama','San Miguel Tlacamama',19),(2173,'San Miguel Tlacotepec','San Miguel Tlacotepec',19),(2174,'San Miguel Tulancingo','San Miguel Tulancingo',19),(2175,'San Miguel Yotao','San Miguel Yotao',19),(2176,'San Nicolas','San Nicolas',19),(2177,'San Nicolas Hidalgo','San Nicolas Hidalgo',19),(2178,'San Pablo Coatlan','San Pablo Coatlan',19),(2179,'San Pablo Cuatro Venados','San Pablo Cuatro Venados',19),(2180,'San Pablo Etla','San Pablo Etla',19),(2181,'San Pablo Huitzo','San Pablo Huitzo',19),(2182,'San Pablo Huixtepec','San Pablo Huixtepec',19),(2183,'San Pablo Macuiltianguis','San Pablo Macuiltianguis',19),(2184,'San Pablo Tijaltepec','San Pablo Tijaltepec',19),(2185,'San Pablo Villa de Mitla','San Pablo Villa de Mitla',19),(2186,'San Pablo Yaganiza','San Pablo Yaganiza',19),(2187,'San Pedro Amuzgos','San Pedro Amuzgos',19),(2188,'San Pedro Apsstol','San Pedro Apsstol',19),(2189,'San Pedro Atoyac','San Pedro Atoyac',19),(2190,'San Pedro Cajonos','San Pedro Cajonos',19),(2191,'San Pedro Coxcaltepec Can','San Pedro Coxcaltepec Cantaros',19),(2192,'San Pedro Comitancillo','San Pedro Comitancillo',19),(2193,'San Pedro el Alto','San Pedro el Alto',19),(2194,'San Pedro Huamelula','San Pedro Huamelula',19),(2195,'San Pedro Huilotepec','San Pedro Huilotepec',19),(2196,'San Pedro Ixcatlan','San Pedro Ixcatlan',19),(2197,'San Pedro Ixtlahuaca','San Pedro Ixtlahuaca',19),(2198,'San Pedro Jaltepetongo','San Pedro Jaltepetongo',19),(2199,'San Pedro Jicayan','San Pedro Jicayan',19),(2200,'San Pedro Jocotipac','San Pedro Jocotipac',19),(2201,'San Pedro Juchatengo','San Pedro Juchatengo',19),(2202,'San Pedro Martir','San Pedro Martir',19),(2203,'San Pedro Martir Quiechap','San Pedro Martir Quiechapa',19),(2204,'San Pedro Martir Yucuxaco','San Pedro Martir Yucuxaco',19),(2205,'San Pedro Mixtepec','San Pedro Mixtepec Distrito 22',19),(2206,'San Pedro Mixtepec','San Pedro Mixtepec Distrito 26',19),(2207,'San Pedro Molinos','San Pedro Molinos',19),(2208,'San Pedro Nopala','San Pedro Nopala',19),(2209,'San Pedro Ocopetatillo','San Pedro Ocopetatillo',19),(2210,'San Pedro Ocotepec','San Pedro Ocotepec',19),(2211,'San Pedro Pochutla','San Pedro Pochutla',19),(2212,'San Pedro Quiatoni','San Pedro Quiatoni',19),(2213,'San Pedro Sochiapam','San Pedro Sochiapam',19),(2214,'San Pedro Tapanatepec','San Pedro Tapanatepec',19),(2215,'San Pedro Taviche','San Pedro Taviche',19),(2216,'San Pedro Teozacoalco','San Pedro Teozacoalco',19),(2217,'San Pedro Teutila','San Pedro Teutila',19),(2218,'San Pedro Tidaa','San Pedro Tidaa',19),(2219,'San Pedro Topiltepec','San Pedro Topiltepec',19),(2220,'San Pedro Totolapam','San Pedro Totolapam',19),(2221,'Villa de Tututepec de Mel','Villa de Tututepec de Melchor Ocampo',19),(2222,'San Pedro Yaneri','San Pedro Yaneri',19),(2223,'San Pedro Yslox','San Pedro Yslox',19),(2224,'San Pedro y San Pablo Ayu','San Pedro y San Pablo Ayutla',19),(2225,'Villa de Etla','Villa de Etla',19),(2226,'San Pedro y San Pablo Tep','San Pedro y San Pablo Teposcolula',19),(2227,'San Pedro y San Pablo Teq','San Pedro y San Pablo Tequixtepec',19),(2228,'San Pedro Yucunama','San Pedro Yucunama',19),(2229,'San Raymundo Jalpan','San Raymundo Jalpan',19),(2230,'San Sebastian Abasolo','San Sebastian Abasolo',19),(2231,'San Sebastian Coatlan','San Sebastian Coatlan',19),(2232,'San Sebastian Ixcapa','San Sebastian Ixcapa',19),(2233,'San Sebastian Nicananduta','San Sebastian Nicananduta',19),(2234,'San Sebastian Rmo Hondo','San Sebastian Rmo Hondo',19),(2235,'San Sebastian Tecomaxtlah','San Sebastian Tecomaxtlahuaca',19),(2236,'San Sebastian Teitipac','San Sebastian Teitipac',19),(2237,'San Sebastian Tutla','San Sebastian Tutla',19),(2238,'San Simsn Almolongas','San Simsn Almolongas',19),(2239,'San Simsn Zahuatlan','San Simsn Zahuatlan',19),(2240,'Santa Ana','Santa Ana',19),(2241,'Santa Ana Ateixtlahuaca','Santa Ana Ateixtlahuaca',19),(2242,'Santa Ana Cuauhtimoc','Santa Ana Cuauhtimoc',19),(2243,'Santa Ana del Valle','Santa Ana del Valle',19),(2244,'Santa Ana Tavela','Santa Ana Tavela',19),(2245,'Santa Ana Tlapacoyan','Santa Ana Tlapacoyan',19),(2246,'Santa Ana Yareni','Santa Ana Yareni',19),(2247,'Santa Ana Zegache','Santa Ana Zegache',19),(2248,'Santa Catalina Quierm','Santa Catalina Quierm',19),(2249,'Santa Catarina Cuixtla','Santa Catarina Cuixtla',19),(2250,'Santa Catarina Ixtepeji','Santa Catarina Ixtepeji',19),(2251,'Santa Catarina Juquila','Santa Catarina Juquila',19),(2252,'Santa Catarina Lachatao','Santa Catarina Lachatao',19),(2253,'Santa Catarina Loxicha','Santa Catarina Loxicha',19),(2254,'Santa Catarina Mechoacan','Santa Catarina Mechoacan',19),(2255,'Santa Catarina Minas','Santa Catarina Minas',19),(2256,'Santa Catarina Quiani','Santa Catarina Quiani',19),(2257,'Santa Catarina Tayata','Santa Catarina Tayata',19),(2258,'Santa Catarina Ticua','Santa Catarina Ticua',19),(2259,'Santa Catarina Yosonotz','Santa Catarina Yosonotz',19),(2260,'Santa Catarina Zapoquila','Santa Catarina Zapoquila',19),(2261,'Santa Cruz Acatepec','Santa Cruz Acatepec',19),(2262,'Santa Cruz Amilpas','Santa Cruz Amilpas',19),(2263,'Santa Cruz de Bravo','Santa Cruz de Bravo',19),(2264,'Santa Cruz Itundujia','Santa Cruz Itundujia',19),(2265,'Santa Cruz Mixtepec','Santa Cruz Mixtepec',19),(2266,'Santa Cruz Nundaco','Santa Cruz Nundaco',19),(2267,'Santa Cruz Papalutla','Santa Cruz Papalutla',19),(2268,'Santa Cruz Tacache de Min','Santa Cruz Tacache de Mina',19),(2269,'Santa Cruz Tacahua','Santa Cruz Tacahua',19),(2270,'Santa Cruz Tayata','Santa Cruz Tayata',19),(2271,'Santa Cruz Xitla','Santa Cruz Xitla',19),(2272,'Santa Cruz Xoxocotlan','Santa Cruz Xoxocotlan',19),(2273,'Santa Cruz Zenzontepec','Santa Cruz Zenzontepec',19),(2274,'Santa Gertrudis','Santa Gertrudis',19),(2275,'Santa Inis del Monte','Santa Inis del Monte',19),(2276,'Santa Inis Yatzeche','Santa Inis Yatzeche',19),(2277,'Santa Lucma del Camino','Santa Lucma del Camino',19),(2278,'Santa Lucma Miahuatlan','Santa Lucma Miahuatlan',19),(2279,'Santa Lucma Monteverde','Santa Lucma Monteverde',19),(2280,'Santa Lucma Ocotlan','Santa Lucma Ocotlan',19),(2281,'Santa Marma Alotepec','Santa Marma Alotepec',19),(2282,'Santa Marma Apazco','Santa Marma Apazco',19),(2283,'Santa Marma la Asuncisn','Santa Marma la Asuncisn',19),(2284,'Heroica Ciudad de Tlaxiac','Heroica Ciudad de Tlaxiaco',19),(2285,'Ayoquezco de Aldama','Ayoquezco de Aldama',19),(2286,'Santa Marma Atzompa','Santa Marma Atzompa',19),(2287,'Santa Marma Camotlan','Santa Marma Camotlan',19),(2288,'Santa Marma Colotepec','Santa Marma Colotepec',19),(2289,'Santa Marma Cortijo','Santa Marma Cortijo',19),(2290,'Santa Marma Coyotepec','Santa Marma Coyotepec',19),(2291,'Santa Marma Chachoapam','Santa Marma Chachoapam',19),(2292,'Villa de Chilapa de Dmaz','Villa de Chilapa de Dmaz',19),(2293,'Santa Marma Chilchotla','Santa Marma Chilchotla',19),(2294,'Santa Marma Chimalapa','Santa Marma Chimalapa',19),(2295,'Santa Marma del Rosario','Santa Marma del Rosario',19),(2296,'Santa Marma del Tule','Santa Marma del Tule',19),(2297,'Santa Marma Ecatepec','Santa Marma Ecatepec',19),(2298,'Santa Marma Guelaci','Santa Marma Guelaci',19),(2299,'Santa Marma Guienagati','Santa Marma Guienagati',19),(2300,'Santa Marma Huatulco','Santa Marma Huatulco',19),(2301,'Santa Marma Huazolotitlan','Santa Marma Huazolotitlan',19),(2302,'Santa Marma Ipalapa','Santa Marma Ipalapa',19),(2303,'Santa Marma Ixcatlan','Santa Marma Ixcatlan',19),(2304,'Santa Marma Jacatepec','Santa Marma Jacatepec',19),(2305,'Santa Marma Jalapa del Ma','Santa Marma Jalapa del Marquis',19),(2306,'Santa Marma Jaltianguis','Santa Marma Jaltianguis',19),(2307,'Santa Marma Lachixmo','Santa Marma Lachixmo',19),(2308,'Santa Marma Mixtequilla','Santa Marma Mixtequilla',19),(2309,'Santa Marma Nativitas','Santa Marma Nativitas',19),(2310,'Santa Marma Nduayaco','Santa Marma Nduayaco',19),(2311,'Santa Marma Ozolotepec','Santa Marma Ozolotepec',19),(2312,'Santa Marma Papalo','Santa Marma Papalo',19),(2313,'Santa Marma Peqoles','Santa Marma Peqoles',19),(2314,'Santa Marma Petapa','Santa Marma Petapa',19),(2315,'Santa Marma Quiegolani','Santa Marma Quiegolani',19),(2316,'Santa Marma Sola','Santa Marma Sola',19),(2317,'Santa Marma Tataltepec','Santa Marma Tataltepec',19),(2318,'Santa Marma Tecomavaca','Santa Marma Tecomavaca',19),(2319,'Santa Marma Temaxcalapa','Santa Marma Temaxcalapa',19),(2320,'Santa Marma Temaxcaltepec','Santa Marma Temaxcaltepec',19),(2321,'Santa Marma Teopoxco','Santa Marma Teopoxco',19),(2322,'Santa Marma Tepantlali','Santa Marma Tepantlali',19),(2323,'Santa Marma Texcatitlan','Santa Marma Texcatitlan',19),(2324,'Santa Marma Tlahuitoltepe','Santa Marma Tlahuitoltepec',19),(2325,'Santa Marma Tlalixtac','Santa Marma Tlalixtac',19),(2326,'Santa Marma Tonameca','Santa Marma Tonameca',19),(2327,'Santa Marma Totolapilla','Santa Marma Totolapilla',19),(2328,'Santa Marma Xadani','Santa Marma Xadani',19),(2329,'Santa Marma Yalina','Santa Marma Yalina',19),(2330,'Santa Marma Yavesma','Santa Marma Yavesma',19),(2331,'Santa Marma Yolotepec','Santa Marma Yolotepec',19),(2332,'Santa Marma Yosoyza','Santa Marma Yosoyza',19),(2333,'Santa Marma Yucuhiti','Santa Marma Yucuhiti',19),(2334,'Santa Marma Zacatepec','Santa Marma Zacatepec',19),(2335,'Santa Marma Zaniza','Santa Marma Zaniza',19),(2336,'Santa Marma Zoquitlan','Santa Marma Zoquitlan',19),(2337,'Santiago Amoltepec','Santiago Amoltepec',19),(2338,'Santiago Apoala','Santiago Apoala',19),(2339,'Santiago Apsstol','Santiago Apsstol',19),(2340,'Santiago Astata','Santiago Astata',19),(2341,'Santiago Atitlan','Santiago Atitlan',19),(2342,'Santiago Ayuquililla','Santiago Ayuquililla',19),(2343,'Santiago Cacaloxtepec','Santiago Cacaloxtepec',19),(2344,'Santiago Camotlan','Santiago Camotlan',19),(2345,'Santiago Comaltepec','Santiago Comaltepec',19),(2346,'Santiago Chazumba','Santiago Chazumba',19),(2347,'Santiago Choapam','Santiago Choapam',19),(2348,'Santiago del Rmo','Santiago del Rmo',19),(2349,'Santiago Huajolotitlan','Santiago Huajolotitlan',19),(2350,'Santiago Huauclilla','Santiago Huauclilla',19),(2351,'Santiago Ihuitlan Plumas','Santiago Ihuitlan Plumas',19),(2352,'Santiago Ixcuintepec','Santiago Ixcuintepec',19),(2353,'Santiago Ixtayutla','Santiago Ixtayutla',19),(2354,'Santiago Jamiltepec','Santiago Jamiltepec',19),(2355,'Santiago Jocotepec','Monte Negro',19),(2356,'Santiago Juxtlahuaca','Santiago Juxtlahuaca',19),(2357,'Santiago Lachiguiri','Santiago Lachiguiri',19),(2358,'Santiago Lalopa','Santiago Lalopa',19),(2359,'Santiago Laollaga','Santiago Laollaga',19),(2360,'Santiago Laxopa','Santiago Laxopa',19),(2361,'Santiago Llano Grande','Santiago Llano Grande',19),(2362,'Santiago Matatlan','Santiago Matatlan',19),(2363,'Santiago Miltepec','Santiago Miltepec',19),(2364,'Santiago Minas','Santiago Minas',19),(2365,'Santiago Nacaltepec','Santiago Nacaltepec',19),(2366,'Santiago Nejapilla','Santiago Nejapilla',19),(2367,'Santiago Nundiche','Santiago Nundiche',19),(2368,'Santiago Nuyos','Santiago Nuyos',19),(2369,'Santiago Pinotepa Naciona','Santiago Pinotepa Nacional',19),(2370,'Santiago Suchilquitongo','Santiago Suchilquitongo',19),(2371,'Santiago Tamazola','Santiago Tamazola',19),(2372,'Santiago Tapextla','Santiago Tapextla',19),(2373,'Villa Tejzpam de la Unisn','Villa Tejzpam de la Unisn',19),(2374,'Santiago Tenango','Santiago Tenango',19),(2375,'Santiago Tepetlapa','Santiago Tepetlapa',19),(2376,'Santiago Tetepec','Santiago Tetepec',19),(2377,'Santiago Texcalcingo','Santiago Texcalcingo',19),(2378,'Santiago Textitlan','Santiago Textitlan',19),(2379,'Santiago Tilantongo','Santiago Tilantongo',19),(2380,'Santiago Tillo','Santiago Tillo',19),(2381,'Santiago Tlazoyaltepec','Santiago Tlazoyaltepec',19),(2382,'Santiago Xanica','Santiago Xanica',19),(2383,'Santiago Xiacum','Santiago Xiacum',19),(2384,'Santiago Yaitepec','Santiago Yaitepec',19),(2385,'Santiago Yaveo','Santiago Yaveo',19),(2386,'Santiago Yolomicatl','Santiago Yolomicatl',19),(2387,'Santiago Yosondza','Santiago Yosondza',19),(2388,'Santiago Yucuyachi','Santiago Yucuyachi',19),(2389,'Santiago Zacatepec','Santiago Zacatepec',19),(2390,'Santiago Zoochila','Santiago Zoochila',19),(2391,'Nuevo Zoquiapam','Nuevo Zoquiapam',19),(2392,'Santo Domingo Ingenio','Santo Domingo Ingenio',19),(2393,'Santo Domingo Albarradas','Santo Domingo Albarradas',19),(2394,'Santo Domingo Armenta','Santo Domingo Armenta',19),(2395,'Santo Domingo Chihuitan','Santo Domingo Chihuitan',19),(2396,'Santo Domingo de Morelos','Santo Domingo de Morelos',19),(2397,'Santo Domingo Ixcatlan','Santo Domingo Ixcatlan',19),(2398,'Santo Domingo Nuxaa','Santo Domingo Nuxaa',19),(2399,'Santo Domingo Ozolotepec','Santo Domingo Ozolotepec',19),(2400,'Santo Domingo Petapa','Santo Domingo Petapa',19),(2401,'Santo Domingo Roayaga','Santo Domingo Roayaga',19),(2402,'Santo Domingo Tehuantepec','Santo Domingo Tehuantepec',19),(2403,'Santo Domingo Teojomulco','Santo Domingo Teojomulco',19),(2404,'Santo Domingo Tepuxtepec','Santo Domingo Tepuxtepec',19),(2405,'Santo Domingo Tlatayapam','Santo Domingo Tlatayapam',19),(2406,'Santo Domingo Tomaltepec','Santo Domingo Tomaltepec',19),(2407,'Santo Domingo Tonala','Santo Domingo Tonala',19),(2408,'Santo Domingo Tonaltepec','Santo Domingo Tonaltepec',19),(2409,'Santo Domingo Xagacma','Santo Domingo Xagacma',19),(2410,'Santo Domingo Yanhuitlan','Santo Domingo Yanhuitlan',19),(2411,'Santo Domingo Yodohino','Santo Domingo Yodohino',19),(2412,'Santo Domingo Zanatepec','Santo Domingo Zanatepec',19),(2413,'Santos Reyes Nopala','Santos Reyes Nopala',19),(2414,'Santos Reyes Papalo','Santos Reyes Papalo',19),(2415,'Santos Reyes Tepejillo','Santos Reyes Tepejillo',19),(2416,'Santos Reyes Yucuna','Santos Reyes Yucuna',19),(2417,'Santo Tomas Jalieza','Santo Tomas Jalieza',19),(2418,'Santo Tomas Mazaltepec','Santo Tomas Mazaltepec',19),(2419,'Santo Tomas Ocotepec','Santo Tomas Ocotepec',19),(2420,'Santo Tomas Tamazulapan','Santo Tomas Tamazulapan',19),(2421,'San Vicente Coatlan','San Vicente Coatlan',19),(2422,'San Vicente Lachixmo','San Vicente Lachixmo',19),(2423,'San Vicente Nuqz','San Vicente Nuqz',19),(2424,'Silacayoapam','Silacayoapam',19),(2425,'Sitio de Xitlapehua','Sitio de Xitlapehua',19),(2426,'Soledad Etla','Soledad Etla',19),(2427,'Villa de Tamazulapam del ','Villa de Tamazulapam del Progreso',19),(2428,'Tanetze de Zaragoza','Tanetze de Zaragoza',19),(2429,'Taniche','Taniche',19),(2430,'Tataltepec de Valdis','Tataltepec de Valdis',19),(2431,'Teococuilco de Marcos Pir','Teococuilco de Marcos Pirez',19),(2432,'Teotitlan de Flores Magsn','Teotitlan de Flores Magsn',19),(2433,'Teotitlan del Valle','Teotitlan del Valle',19),(2434,'Teotongo','Teotongo',19),(2435,'Tepelmeme Villa de Morelo','Tepelmeme Villa de Morelos',19),(2436,'Heroica Villa Tezoatlan d','0001',19),(2437,'San Jersnimo Tlacochahuay','San Jersnimo Tlacochahuaya',19),(2438,'Tlacolula de Matamoros','Tlacolula de Matamoros',19),(2439,'Tlacotepec Plumas','Tlacotepec Plumas',19),(2440,'Tlalixtac de Cabrera','Tlalixtac de Cabrera',19),(2441,'Totontepec Villa de Morel','Totontepec Villa de Morelos',19),(2442,'Trinidad Zaachila','Trinidad Zaachila',19),(2443,'La Trinidad Vista Hermosa','La Trinidad Vista Hermosa',19),(2444,'Unisn Hidalgo','Unisn Hidalgo',19),(2445,'Valerio Trujano','Valerio Trujano',19),(2446,'San Juan Bautista Valle N','San Juan Bautista Valle Nacional',19),(2447,'Villa Dmaz Ordaz','Villa Dmaz Ordaz',19),(2448,'Yaxe','Yaxe',19),(2449,'Magdalena Yodocono de Por','Magdalena Yodocono de Porfirio Dmaz',19),(2450,'Yogana','Yogana',19),(2451,'Yutanduchi de Guerrero','Yutanduchi de Guerrero',19),(2452,'Villa de Zaachila','Villa de Zaachila',19),(2453,'San Mateo Yucutindoo','San Mateo Yucutindoo',19),(2454,'Zapotitlan Lagunas','Zapotitlan Lagunas',19),(2455,'Zapotitlan Palmas','Zapotitlan Palmas',19),(2456,'Santa Inis de Zaragoza','Santa Inis de Zaragoza',19),(2457,'Zimatlan de Alvarez','Zimatlan de Alvarez',19);
/*!40000 ALTER TABLE `Municipio` ENABLE KEYS */;
UNLOCK TABLES;

--
-- Table structure for table `Privilegio`
--

DROP TABLE IF EXISTS `Privilegio`;
/*!40101 SET @saved_cs_client     = @@character_set_client */;
/*!40101 SET character_set_client = utf8 */;
CREATE TABLE `Privilegio` (
  `PrivilegioId` int(11) NOT NULL AUTO_INCREMENT,
  `PrivilegioDescripcion` varchar(50) DEFAULT NULL,
  `PrivilegioFechaCreacion` datetime NOT NULL,
  PRIMARY KEY (`PrivilegioId`)
) ENGINE=InnoDB AUTO_INCREMENT=2 DEFAULT CHARSET=latin1;
/*!40101 SET character_set_client = @saved_cs_client */;

--
-- Dumping data for table `Privilegio`
--

LOCK TABLES `Privilegio` WRITE;
/*!40000 ALTER TABLE `Privilegio` DISABLE KEYS */;
/*!40000 ALTER TABLE `Privilegio` ENABLE KEYS */;
UNLOCK TABLES;

--
-- Table structure for table `Proyecto`
--

DROP TABLE IF EXISTS `Proyecto`;
/*!40101 SET @saved_cs_client     = @@character_set_client */;
/*!40101 SET character_set_client = utf8 */;
CREATE TABLE `Proyecto` (
  `ProyectoId` int(11) NOT NULL,
  `ProyectoFecha` date DEFAULT NULL,
  `ProyectoNombre` varchar(50) DEFAULT NULL,
  `ProyectoDescripcion` varchar(140) DEFAULT NULL,
  `ProyectoDescripcionLarga` varchar(1024) DEFAULT NULL,
  `ProyectoImagen` varchar(512) DEFAULT NULL,
  `ProyectoVistas` int(11) DEFAULT NULL,
  `ProyectoInteres` int(11) DEFAULT NULL,
  `ProyectoEquipoId` int(11) DEFAULT NULL,
  `ProyectoCategoriaId` tinyint(4) DEFAULT NULL,
  PRIMARY KEY (`ProyectoId`),
  KEY `ProyectoEquipoId` (`ProyectoEquipoId`),
  KEY `ProyectoCategoriaId` (`ProyectoCategoriaId`),
  CONSTRAINT `Proyecto_ibfk_1` FOREIGN KEY (`ProyectoEquipoId`) REFERENCES `Equipo` (`EquipoId`),
  CONSTRAINT `Proyecto_ibfk_2` FOREIGN KEY (`ProyectoCategoriaId`) REFERENCES `Categoria` (`CategoriaId`)
) ENGINE=InnoDB DEFAULT CHARSET=latin1;
/*!40101 SET character_set_client = @saved_cs_client */;

--
-- Dumping data for table `Proyecto`
--

LOCK TABLES `Proyecto` WRITE;
/*!40000 ALTER TABLE `Proyecto` DISABLE KEYS */;
INSERT INTO `Proyecto` VALUES (1,'2018-04-08','metamorfosis albot?n ','amadro?ado roncal avisadamente trasmontano embarazosamente beat?simo escurrimbres met?dico revuelto creacionismo ','preces quinchar germinar ani?ado rodela fet?n sonadera tirria cesamiento agac? derraspado sierro ampalaba choreo observador calobi?tica sosegar glic?rido arduo adehesamiento olivera cr?nicamente pintador atramentoso sancarlino enyugamiento jira careicillo terral t?rculo monolito exterminio tranquilamente masificaci?n antepi? anchoar capitanear alexif?rmaco talanquera cuadril?tero expurgatorio estuquer?a cicloide zumbador carama yotale?o colegiala cortezo pumba antibiograma jactar trabajosamente jea catalineta gamonoso mosquet?n extranjerismo jes?s lubina mastolog?a guardadamas alburero madrona cayapona ofim?tica aconchabarse espiar acaecedero tirachinos aeronaval perfunctorio cimorro taza?a torpedero varear c?seo incorporal corbe fornicaci?n mantillo develizar oseta cuajamiento noesis niquelador mag?eta yoqui argila acepto turiferario arrempujar tripicallero acambrayado coxcojita sisero salbanda versificaci?n mocete amosquilarse bimembre ','heterogeneidad l?ndiga ca?aduzal encadenaci?n sociabilidad higrom?trico gafear bolagar seborreico colchadura espi?n pirausta orellano baldosa artes?n chacualear tanka supresi?n diosc?reo cholutecano ',13,3,1,17),(2,'2018-04-08','subrayar caspiroleta ','adjudicador fenal espera chazador tronado tanor?a naonato sumando esperar ahuachapaneco ','sereno consultable divinal hondear cisterna malparir qu?o semestralmente rebordeador triptongo bilongo surgidor mezcladura atletismo eutiquianismo alienante profanar discutidor h?per labrada clavero aflacar preselecci?n provento contramalla cotorreo semifinalista taquear ex?geno idol?trico lidio transpac?fico gramalote desenterrar aruspicina desaparici?n amesnar congruencia cincuentavo Adonay concentrar c?nula lisol novelero mercadero pluralidad cubital solapear nabor? gestaci?n facultad avinagrado eloquio brujidor cop?n copeo cumulador estir?n cancha cambado drapeado aocar sanano planchear anguina restregamiento navarrisco pinto luminoso jacarear fecundable camastroner?a macuca dificultoso arameo loquinario c?rabo degluci?n salserilla alfonsismo terr?geno hilada magnetismo verdadero jasador haloque entrenudo rayadillo verruguetar radioescucha preclaro inveros?milmente razonable financista triangular potentado lacero abulonar melifluidad ?bero ','cinglado ni?er?a venero gitanear tascar altibajo a?llo quijotescamente galvanizado ornadamente merode filmoteca pleuronecto entestecer peridoto beque ali?ado alfilerillo picote inculpado ',5,3,2,12),(3,'2018-04-08','consolidaci?n desternillante ','manigueta susodicho ratificar tercia chilacoa blandeza aflatarse zorcico iza geneal?gico ','holograma afrocubano pilpil?n huizache aposesionado v?lvulo ense?anza verdasca paliquear chupamirto bierzo garranchazo bonete espalera cluniense carnerear lengua ardedor mortadela enemistad san clavario joder costarricense cordoncillo arrufar desgaje cancer?geno asear achololera sustent?culo yang??s rodil trasquero difamia aponzo?ar adamamiento abocar robadera autogiro ancheta monotelita iglesiario zahorar quilificar suportar engargolar ilegalmente ut?pico pe?aranda arraigo gramalote colagogo pielga dolicocefalia fadrubado vacilante litotom?a inteligiblemente colgamiento iniciativo resistidero recubrimiento provisorio martirizador subfiador barman panormitano goliardesco talonazo ?vea Acates centuria valdense machista revista aprehensivo acabellado quitar desabono infrangible truquero polvoraduque totuma hospedador barrearse diplop?a cavernidad acritud baldos?n gerundiada mantequillero elaborador gravativo contlapachear resello guarnicionar abreviado sayalero a?il ','fisiogn?mico sobrestante cortejar limonar fascinante trasnoche nevazo marinismo exceptador almofrej berenjena ra?a biznagal miocardio revelado legenda mustela job antojitos ictiograf?a ',11,1,3,8),(4,'2018-04-08','plegadera vaguedad ','carrafa dejadez fideicomiso marmella patay candamo trasmarino purpurar levemente fingido ','internamente auditorio salol jaique geot?cnico aullido naumaquia l?bico vengativo negativa rampete milpi?s nebel difamar postrador alcaduz palmitieso cu?n tael hebraizar guindamaina dializar almajo goldre mariache convencionalismo desflorecer orza gon?dico ponimiento bruselas subentender cambur d?namo tornape?n quitapesares oseta afeitadamente azanoria daci?n frontera topiquero trasver calilla enguera g?libo guachapear entibar carea divinatorio cruzar marchant?a isba gladiolo lanero merengada farmacolog?a flema gareta almecino vitorear polimorfo dezme?o doneador sicario trisca pel?cula tr?plice bipolar ripio yuntar acaballadero aspirado incurrir jip?o tironear fruncimiento deuter?n simon?a autocensura aportadero playero ahervoradamente espartilla son?metro inhabilitaci?n provisional rodar cazarro soslayo bolindre absorci?n decenal pomar desvanecidamente malvavisco gasoducto cachorrillo recepta carosiero ','visceralidad criticador zafr?n aleta sexagonal morl?n trebolar manchoso embarazador cuquer?a candeda comulgante rebina dimitente clorofila padronero menestril sumario aer?fobo reedici?n ',5,5,4,4),(5,'2018-04-08','rond? cedria ','cagadero reverencial abribonarse centelleo usufructuario torer?a ag??o chufeta cavernidad chamorra ','pillear escarpadura compluvio selacio atrampar ganader?a invadir conmemorable segobricense profazador corporativamente cocarar contabilidad copaiba zapater?a escatima templa desvergonzarse canceler?a fletear polifac?tico aguaraparse ventosear huchear encebollado abarcamiento cabello m?rito inconstante fon?ptico pasajuego pegadizo delineador aprobado azolvar homeop?tico empurar atontamiento plumilla encuadrar prodigioso ?ctasis mesiado galv?nico arm?fero escalofriar allende partidamente guardav?a pelarela morro?o eureka traso?ar ayaco tuca baila cervecer?a telecomunicaci?n extramuros mondonga costar fort?n secreteo barrilaje laque quitapesares tesla vergo?oso garrar desembrazar admirador ristrel inundar ancilario disfavor autenticaci?n incertinidad r?cano memeches t?ctil engarronar pochismo aconsejado predicable lexicogr?fico maleficiar paseador aprobaci?n voluntariamente erubescencia legendario castizo gordolobo cepera zagual coduj?n apunarse hirundinaria achaplinarse estetoscopio ','desoxidaci?n tambucho corteza d prontitud tafurea vi?spera ensanche param?dico refrescante encebollado escan?grafo enjuiciar vivificaci?n hojalata copilador tu?utem computarizar mainel capilar ',15,1,5,19),(6,'2018-04-08','lebrat?n consultable ','endulce bicuento protesta imperdonable corind?n despistado inanici?n f?stola indochino acristalado ','decor botiner?a petitorio mallete escorrent?a canjuro atontolinar melolonta tauca chal? achulaparse hinchar azotea ?ptimamente guataquer?a greuge peinazo afrenta er?tico acogeta Pandora trapiche albero ara?ero demostrar descabalado pol?mico traspapelar propiciar conservativo patrimonial guardamonte fletear fotos?ntesis morete inconfidente expurgaci?n floretazo desatinar amarradijo jugador cerdoso bacina desenfrenado tuse inm?ritamente permuta agregadur?a caruata rebajador saltamontes memorable radiofaro pinganitos cuarentavo oftalmolog?a sobrecargar prorrogativo multiplicable isl?mico ?ncipit junza gollizo orilla zarazo aherrojar elativo av?o descompasarse morrocoy babosa licuable alquilate familiaridad Alcor?n levantino chirigotear undulaci?n rebrote Zod?aco dialectal ocre cepera verdi?al infanter?a calcoman?a adnato peloponesio individuamente pastadero acepillar apurado cholga cuatriduano silvicultor guacia psicol?gico interrogativo bonaerense despegadura ','aster latiguear pinto persuadidor terminajo arrate incidental legalizable gonete ruejo contraflorado glacialmente sucre?o antemuralla baus?n rimbombante absceso montesco cardamina paquidermo ',4,1,6,7),(7,'2018-04-08','embrujador revuelo ','chamusca monista hojarasca demagogo vigesimal enmelar aced?a encanamento compasillo estruj?n ','transcurrir gorjeo entrar ataire pillada anadina antidemocr?tico concordata cony?dice arrabillado dantesco tama?amente cerrajer?a chel?n jabardear anatomizar delicioso constataci?n agonal mach?o alban?s apriesa malaleche zarandilla buenandanza galicano rebuscado univocarse guitonear coj?n coposesi?n favonio apiporrarse entortadura trasovada barboquejo deteriorar indiferenciado barqu?a apocopar bajamanero tripe f?sicamente desorganizaci?n descalabro musageta pleon?sticamente atacar deficiente beberr?n terr?queo erar escotar vigorizador mastectom?a americanada condritis piral orfebrer?a marciano carra?a conversable demonomanc?a acambrayado ?rgano pilastr?n tambor?n desacerbar manicorto intransitable airadamente encanallamiento codorniz casamuro concionar delineante fel?n frufr? providencialismo esparcido tributable Venus alazor jop? confidencialmente jaquel pela concubina exorar coaligado tomentoso inarrugable educador turumb?n estereotipador rosc?n piujar arriscador discusi?n excretor ','instaurador electroac?stico minga mingaco despulpado h?bitat tra?na cilanco ahincar malinchismo heliconio contrarronda ?mnibus industrioso versalita nixte felpo filaut?a hondonada amagamiento ',9,2,7,13),(8,'2018-04-08','caracterizador eclipse ','barajada alcarace?o montura alcanciazo arqueta cerras termoelectricidad reconstituci?n monograma estresado ','rasuraci?n sollastre mandrachero sanchete epidemi?logo tecnol?gico parapsicolog?a angitis viripotencia calotipia bet?nica agropecuario cupres?ceo crehuela asturicense motejar militronche disgregante n?car recepci?n untura am?trope descompadrar asobarcar patizambo barral geopol?tica piche acuciadamente desmoche reconquistar abstener romancillo simular sienita d?cilmente uvillo hado hipotenusa contundente raposero interregno subordinadamente hip?rbaton engaitar compasivo abombar ton? metr?poli ?bero ilimitado marges? intuicionismo pogromo embroncarse acristalado ignipotente aruspicina experimentalmente estropajoso fotoluminiscencia trapichero estriado mamporrero amelga subsolar cuencano arrabillado buzcorona t?lero arcionar panatela cortac?sped pegote reflectar descendimiento menazar gandinga socoyote malangay g?ero congelable constri?ir tono congojoso amarradero alimania psic?pata oficial vizconde son?mbulo guasasa calumbre ejarbe capullo tecnocracia pretinero polis?palo resollar crom?tico ','lindura gra?uela ?gape barroquismo equino liturgista toboso briqueta reumat?logo reverter p?treo lampo desaseado pucherazo sobreponer tamizaci?n lenguat?n marrajo bigornio profesionalidad ',14,3,8,15),(9,'2018-04-08','queresa zapotero ','nomograma escorpioide amarg?n halieto agujar chichero albacora alopecuro zaboyar urato ','cag?n sepelir ictiolog?a sup?rstite jarico casabe mencie?o esquimo absentarse carbonerica vibrar perceptor retaco donosilla cuzo clorof?rmico abusador consistente floreal ponche insospechado rajadillo chinga santificador aireo salentino apuradero archiducado guaperas prefoliaci?n carirra?do escocherar vocingler?a escapado calilla cuadrifoliado tapujo lejos depuraci?n futraque exordiar alarbe najerano quintada despesca cortinilla buriel baivel maliciable adulteraci?n positivar desbordante fricasea recauchutar ansimesmo frontis arrugaci?n florista regoldano percocho banquero platicar sanluise?o pavimentar cirroso lloviznar mordimiento estuaci?n umbro vi?adera turm?digo Remo cachiporra prohibici?n zagaya ceromancia papismo neo living malcontento nacionalizaci?n retajadura aburar la?sta inapagable vanguardismo ri?onera dialogar vallegrandino oportuno entrese?a insubstancial dextrina chisa veris?milmente balagre orientalista parabolizar murajes excluso ','morceguila comalido encandelar ocupacional sedicioso testar gn?stico chancear unalbo chontal dicasterio encogimiento sacrilegio primigenio tazm?a garrochista reabrir esquinco esquero salamunda ',20,1,9,14),(10,'2018-04-08','almarbate brazalete ','carrampl?n magnificador celda estudio latazo lunario p?blicamente enigma sauz jadeante ','tientaparedes farrapas comportamiento pagamento celtismo sobreseimiento qu?micamente fluorescente desconcertar empa?adura amitosis c?rceno ed?nico guerrear guipar chirimoya l?strico orobias bulto coton?a batimetr?a mu? tropical sainar confabulaci?n lomba desemborrachar encima chira piso villanciquero pollera tensar hiperboloide esquinero postrera nemot?cnico alcazaba abraxas enchavetar papalote oftalmoscopia peso penumbroso denotar subalterno salpullir empellar p?blica ferodo desaprovechado inflamamiento erecha n?mino vaquillona herbada torchuelo ultim?tum humo desfondamiento horrar faneguero estom?tico hullero osificarse demonial senequismo conejal mantelado transmudar garaje prelac?a idiosincrasia italian?filo ceguedad caba?a consistorio socialdemocracia ilegibilidad col?n temascal neurofisiolog?a vecindario autoadhesivo manezuela entrelazo denticular moste conceptuoso localizar espa?olismo encauchado desquiciador cogotazo arremolinadamente remolacha lagua datar?a gr?fica hoyada ','talar acorchamiento band?n azimutal villar demanda enmoldado panocha retajadura deprecante aguciar nasalidad ringla iberoamericano decir adverbializar riverense juncoso colofonia prest ',16,2,10,15),(11,'2018-04-08','imposibilidad cercen ','quebrado al?a modular dragante cacharrer?a bestialidad continuismo electrotecnia socolar alfard?n ','conmutable desembargadamente desabonarse anclear semidormido mamacona exagitado sidrer?a almizquera tragaz?n perendeca seb?ceo pulseada minorista h?medo reducimiento permisivamente cuerpear hidr?grafo aplanchar calabacinate satinador acicate manutenci?n bloca siniestralidad carbonatado parafraste aerofagia consulesa zar aljabibe gradar discusi?n tarifar ramulla chorear alambor santiguar gabela tenacero glorificador bikini nepote verminoso dintelar electromotriz rega?ar afaccionado ballestera despampanante aguaitacaim?n erem?tico estrellamar ostentador amesurar enarbolado friabilidad encalmar maromero conterr?neo inadvertido grasilla plumeado chorretada retaceo preferente coprolalia pililo otalgia yaciente roseta aguante incauto tortol pelotera macicez desafeitar finible citote isocronismo inteligenciado codorno secarr?n inflamable narcotraficante betarrata fantasm?n re?ido f?sil a?udamiento fustigaci?n surfista guachafita determinativo lancetazo teucrio dorada faceruelo cent?n ','siniestramente atapar cuerpo ajotrino infurcioniego cluniense contrapozo humano gatuna quedamiento carnalmente incert?simo hamud? podatario inmunizador chisporrotear alzar incuestionable guayaba renda ',12,5,11,6),(12,'2018-04-08','s?cula andorra ','orvallar desabrochar actinomorfo impotable mangonero musara?a camilo majestoso retroceso calada ','conyugal ejercitante acollaramiento zorr?n catalanista vagante angelical genialidad cuicuy desperar neolector recomendaci?n pordioser?a villarrique?o fletar discordante pichincha emborronador empobrecer disgregador llorera puntilloso manguarear sayalesco pat?n socialdemocracia barrioso oidor?a vagancia procesador mag?n novel magreo meapilas espita socarrar bisalta cuatorviro colemia puntuable incontrovertible is?fago cesarismo pregunt?n alandrearse hemorro?sa confitera terrazo hemoptoico opositar trepidar yantar refrigerar carruata brumario popularidad numantinismo nect?nico estabulaci?n alfombrista sustantivar traspaso rejilla acodillar entristecer desayunar oimiento albondiguilla salobre?o polev? parentaci?n cambero patay cejuela adensar fierro desdonado corregible metalister?a ensalada apresto detersorio ag?llara carromato ufan?a chamillo guarumo estache pierrot lev boom inmaterialidad enviar riosellano melifluidad bocel contenido cutir consignativo disecador ','salitral aberrar portal?n zonzorri?n inv?lido Merl?n malav?s insincero espaldear mohoso parv?fico ciabogar transbordar arce pregunt?n manat? objeto dimorfismo guardasilla enjabonada ',13,4,12,14),(13,'2018-04-08','chucho pe?n ','abrochar malnacido capitale?o tococ? despezar su asimplado labihendido escuderaje sagrado ','acopladura aspergear caduca frangoll?n enredar indisciplinarse memor?ndum hipot?lamo asocial ludi?n Mancha panamericano nublado afijo vinazo impenetrable eoceno bilioso escarmenador estomat?podo transliterar rusel atildadura fisi?crata polinomio aflechado cerrillar felpa unionense retrucar arrugamiento transcribir quijotismo sequeral calobi?tica descuidadamente dorar dinosaurio calabriar revacunar desaplicaci?n adversario almendrilla dragea acaudalado las chascudo membrillero alborno doctoramiento recambiar antropomorfita quinolillas acafresna dada?smo cubeta importunaci?n enjebe incesto anfibol?gico ergon?mico d?ptica alomar panificar menudero pozol encajetillar pu?o enlazable fraga chirle ladrillo honrar quermes yumbo pozol mistic?n anafre heteromanc?a sobreltado decendimiento rastrear jeruga ronroneo desatiento conservacionista desacollar habilidoso rencoroso bibli?grafo dentorno escotilla sobado lail?n reembolsable abita perifonear trole desenlabonar apedreadero ','francotirador trasechar jorobadura tropezadura atenuar rabadilla maldadosamente asardinado patagorrilla yanta ag?ita almastigado estercolar cherchar lemanita rentable chorear seisavo charolado cent?metro ',15,2,13,8),(14,'2018-04-08','lironero estrigiforme ','pucar? ?valo guaran? ambliop?a podrici?n marisquer?a porn?grafo biznieto artizado amoldador ','eubolia ahoritita mantenedor auxilio enmara?amiento contrabatir galbanoso gen culebrazo reyar colocutor duarte nuecero escarnidor guillomo garrancho cuadr?cula trapezoide c?bola arvense alverj?n remugar simulacro emparamar diaprea hidrop?nico eritrox?leo espolio clasismo cuarango lagartija archifonema pellica enclaustramiento aparecido estacte piedad caminar imp?ber arremango grosor sarrapia finado arc?dico varamiento proviso ?rdea estreptoc?cico boleta cardillar cochitril enmaniguarse d?ficit bastecedor floridense furrier fal?crata plinto zonificaci?n tablacho tendenciosidad cobalto cianuro depredaci?n jativ?s pardear h?bitat ausentado coneja montantada saltaembancos descaradamente despoblaci?n chiller?a coadunamiento prestamero asno avenamiento coesposa l?gubremente diarero comprometer crimin?logo prerromano cocotero enhetrar bao resquemo cambalache loina palear acromeg?lico casta?o calafatear sueno solecismo baranda candidato tirajo alfaqu? ','ant?rtico punterola tablajero pingajo imperio maestrante secafirmas preterir abayado cremallera porcentual colayo abiso cusca depresi?n gravedumbre ajedrecista teatral medicamentoso carambolo ',19,1,14,9),(15,'2018-04-08','gonococia n?quel ','sortilegio cursor escarmenador cellisca odalisca brigadero dibujo apesarar chalina eg?latra ','precaucionarse bestialidad icneum?n p?quil maniblanco f?tbol deleznamiento canap? p?liza reimpreso puntazo musequ? neutralizable pu?imiento enfermo carneril carbox?lico paliatorio atascaburras oro ce?udo flabeliforme ornamentaci?n tartalear desgolletar maracan? tangente copey escafoides cabalero tresna bicos Sirio meretricio angarillar exequible cuadrada quejigueta interiorizado carboxilo fotograma mochar arzobispal aposar oct?gono mitridato tagarote diplomacia craneano reda?o duodeno tiznadura tol? precalentamiento rayada saciedad especialidad asperger broto triunfar rebuznador almojarifazgo abonanzar majz?n heptasil?bico heredamiento cobradero sirmiense encastar avellano talofita sistematizaci?n mobiliario nolici?n geniazo descabezadamente balandrista proceloso paralelep?pedo mariscada museolog?a plateresco tiral?neas mordicante albardero longincuo perdigonera malange esporangio cartusana delejar fator desbarrada asturleon?s amariconado gas lauro cenital niste meramente ','madama amoscamiento eutrop?lico acerolo quietar atoba desurdir betarraga teut?nico yerbal revestir chabacanada bergad?n tandero antim?nico rajar cam?n federalista chapodo machito ',9,1,15,11),(16,'2018-04-08','pasable ciclamor ','desnivel relicto cortal?pices t?rraga concitaci?n emborrachador herrada satinar desencajonar gratil ','irrigador eutrofizaci?n parcializar so?aci?n papista gallar?n atildadura desacuartelar divisable abarroter?a lumbrera d?mod? suscritor bragadura vagarosamente trapatiesta emoci?n hormig?n lomb?rdico comprable laqueado procero electrometalurgia chamar zarandilla rabi?n sanjuanero habitante bigud? entrelazar emparrada intramuros propenso nebulizador rabillo di?fisis molso trastornadura lapizar postrero hip?rbola impasible clavadora siembra guataca teledifusi?n tecleo aeromoza colegiar glaci?logo rutinario ocularmente huidor final cocedizo llar esportillero definitivamente hierbatero emporitano inconforme proverbio flagelado tercerola elementalidad coagulaci?n embalsadero reutilizaci?n f?tbol chuna indiada palestino monocorde neuroglia subg?nero secrestador lateranense anatomopat?logo hal?filo maravilla teodosiano c?ntica absenta tusca venturo enc?falo chasca aferir mandado desrostrar atentatorio asadura holmio icnograf?a forcejear zarco cata alcaucil descafeinar somote?o ','juvenecer madreperla erutaci?n falsilla seriedad jeniqu?n eslor?a caos cosijo sobriedad fugir percepci?n mente acuciosidad mamador nadal revientacaballo deslechuguillar ente dejador ',3,1,16,6),(17,'2018-04-08','ludo repostar ','tumultuoso diverso cerna prestador ornitodelfo meg?fono enrehojar masadero trasponedor pechiche ','atadero humeante Mingo code?na yugoslavo esteta donde pizate manera sosera piscina bob?tico fumister?a lambiche mercanc?a cayama capitoso cristofu? gremialista rodadero escatol?gico macanazo electroencefalograf?a drepanocitosis sensatez devuelto albergar v?a defecci?n embolismo atormentador fogarada fantasioso legible desempulgar calqu?n pelar bambonear kaki tropelista alguacila precalentamiento coprolito restringente somontano torcal mesero basquetbol protectoria antropoc?ntrico recocido pampero brusca funesto enceramiento colectivizaci?n b?fala mazonadura respigo reingreso sanjacato ni?ada cultiparlista almorraja baurac representaci?n matem?tica egoc?ntrico estampilla tontedad saquer?o teja emporrado designaci?n tamborilear osad?a alioj terceto predador sillar frac regadura alobunado merleta bipedalismo encalador remez?n rajadura trillo lastre api origen g?ndara decadencia entestecer jur?sico coronista capigorra ordenancista filiar ','dioso distocia barzal matarrubia embotarse ferro qu?a amn?sico adultez sugesti?n enjuagatorio uterino frenillar dadivoso pauj? verraquera asterismo ayahuasca depurativo chamarilero ',6,3,17,2),(18,'2018-04-08','monocloroac?tico entremostrar ','temorizar cimblar niste superficiario enucleaci?n confinamiento cidro ?cueo kopek arcaz?n ','prudente dilapidaci?n gacetillero habitual amigdalitis patena legalista hipofunci?n mazonado atlantiquense amohinar deshaldo apol?tico puy?n formalizar incoherente orvalle cerbero asarina antrop?sofo injuria rezar verdasca cuajaenredos sublimidad seer clarinero telengues pelleter?a aeroportuario lametada desasegurar historicismo cacara?a zarapito tejera flagelar flabel?fero cascabelada despescar empi?onado criaz?n detectable gabarra retallo mojador presuntuoso chicharrera calpul bonizo atractivo fonema confaloniero espongiosidad mapach?n fibrocemento acidificar gomina lampaceo jochar galvanom?trico caus?n corrector encienso perfumero medianoche pizarr?n horre fres?n delusivo embocar palasan revendedera momeador territorialidad polinosis reja ventisquear tarrico flojo adherecer embo?igar bravamente piscis estrigiforme enganchar ansimismo antecocina desarrebozadamente bucear tondino compensador interdisciplinar historia extradici?n singl?n descarrilar mayorazguista hect?reo primilla ','yungue?o idealizador decuria herre?al casquiacopado sint?ctico aljofaina anuente vulpeja veranar polif?sico aligonero tabaquer?a gluc?lisis maestro desembrague habitanza desinter?s pelde madera ',20,3,18,20),(19,'2018-04-08','respective serano ','m?rmol ponderar calado entramar topatopa potencial bobo music?grafo penene deslastrar ','espermatozoide desnacionalizaci?n destorpar espulgo palmear despego tucutuco rebumbio arrinconado borreguil centralizar segoviense pedrojim?nez figurante butiondo termoestable aperreador cutir necear aguate paginaci?n pordiosear encetar pugilista atrecho calagozo jimelga gallard?a mantudo ruco mi?ambre compatibilizar encabezonar llovedera mesquino di?stole arar terrestre rebatible empu?adura arrafiz chorrillo bizna camelar concionador moquitear huete?o cabriol? machi anglohablante tepeaqu?s iridiscente piez?metro humedal ocelo comprimario decolorante inconformidad leila bomboner?a emparedamiento divulgar nudismo metisaca gallardamente bazuquear cuadrada engrosamiento irrescindible polucionar almanaquero granelero lapacha v?tor esterc?reo plural desinsectar oblicuo apoquinar met?dicamente chuleta audible jofor librete estozar argamasar inaveriguable demanda cat?licamente arduamente trolero tetr?mero tresnal cianea escavador hipocr?s affaire camarer?a contrafacer bub?n ','nefasto comunista sarapico tabernero robador cat?lisis el?bor recavar chalado contrafallo barcoluengo arriacense contratela uvular centellador adulterio ?rbita desinencial fitotom?a candelada ',19,1,19,15),(20,'2018-04-08','saja churd?n ','bigarda deportividad encomendar espera enjalbiego mortal minutario tarja cuclillo ultraje ','?ustilo castillado espulgador gochapeza cauliforme contendiente quinterna cernidura inexacto anchor hilera sarracino derechez cenagoso q charlista chillo alquicel resolutivo pasable osamenta pamela rendija saludable paradisiaco hidroquinona mulatizar magreo musicante marm?rico perisolog?a desatentar decigramo rectil?neo macet?n embanquetar escofinar hondonada chifladera pozal heteroclam?deo masacrar infatigable rallado amisi?n orgullo engalladura trapisonda tunjano israel?tico rebullicio engordador conserje expediente pesca desbarro herrado minuano fomentaci?n braquicefalia cascajal pescuda entendimiento azulete apat?a galillo lujuriosamente eremitorio pa?etar arromper galfarro afrailamiento bifocal mangada lemanita inadaptabilidad empotr?a v?pulo lucencia blasfemador lacerado adquirible arbolillo procero felaci?n campanillo desquebrajar poto nastuerzo bromear bilobulado lanzadera fisionable chocoyo brahonera flabeliforme cella calofriarse diligente mercantivo ','graser?a viol?n reps mit?grafo represivo hita hilar microsc?pico binocular acuarela digno rezagar cronometraje obusera bailable arreciar morir diab?tico contestano m?cula ',6,1,20,16),(21,'2018-04-08','azucar? cabalgada ','rezar rectificaci?n moralmente barrenar sindicable destiento acimboga datura ilapso cig?e?al ','poliginia lesera carecimiento arisnegro transmediterr?neo arrocero cerezo salic?neo bocadillo cuajaleche p?simo ambivalencia alebrastarse rendib? fortepiano caducidad incario guadije?o recargar almagac?n calch?n desengarrafar chilanco molimiento diferencia bilongo insinuar ep?strofe clavija enforro enmaderaci?n aspirar repentirse papable magneto?ptica guile?a inmobiliario sexag?sima encuartelar malquerer contil aplicadero alleganza gradualidad pentad?ctilo tocona gracejo mango enredadera amochar dulceacu?cola emetina tachonar roel mixtil?neo enterado aquilatamiento estudiosidad subordinado intuici?n latiguillo desprender faci?n fisgador estreno hemiplej?a cegarra kerm?s malsiner?a cebadazo desposte vituperosamente Atlante asidero marcolador telera ilustrador angra abridor colocado morigeraci?n pequ?n postdorsal trofolog?a descarnada intersecarse desmantelado incumplimiento latamente alugar lim?trofe isomorfismo sunco guardarropa trancanil menar galbanado descasar fumister?a regate ','inameno parrel extraparlamentario desperdiciador nalgar elevado indeficiente bailar advecci?n duomesino trancah?lo curalle corlar desaplicadamente tablero magnetr?n vel?n guzgo desajustar c?todo ',12,3,21,5),(22,'2018-04-08','promiscuar becerril ','potingue quirom?ntico pizpierno ahorcaperros sobrecincha menuzar peque?ez brincho bordonero tacana ','destriunfar clausular vocero barisfera linder?a tarara font?culo discordancia cincograf?a sotabanco ornit?ptero tundir artejo polis?n nueve melodrama excremental sexto consumir dragoncillo indignaci?n esclerosis subreino vestir tricenal sulcar prosternaci?n coordinador timonel saldo cheli endovenoso prestigioso despreciativo huesillo endechoso hornacho llega desplantar ?isca diptongar forl?n parvificar pomologista salmear lamentador triquete transverberaci?n despe?ar av?o rat?metro bisil?bico afincadamente discolora agermanarse m?rice ayo fisioter?pico carmelitano licuado ataluzar deslechugar cigarrera huero celem?n excavar pincarrasco trivialmente liencillo recital despegue ludibrio afectar finito compango conglomerante zagu?n inmodestia tudense afinar administrado alicatado granad? insalvable azucarado correal pichanga aduro topon?mico cundiamor moneda litigioso riz?n franco nayuribe trascolar alogamiento acemilar televisi?n maculatura ','farsantear linar morueco fiof?o encomenzar fumaria bache congona pacense fugada carlanco hongo virtuosismo novena clamar mistag?gico subjuzgar arlequ?n duraci?n rostrituerto ',9,4,22,11),(23,'2018-04-08','gravitatorio almoflate ','encabezonamiento quechol kiosco inceptor almacenero apiojarse blandujo inadaptabilidad escaparatista manierista ','chillado ensugar canicular pechuguera llevador aquiescencia dirigible cogedizo deshoja habladur?a aherrojar bagre algotro reparado id?latra zampabodigos acopado cascajuelo fractal apaste a?ascar motilidad locom?vil p?trido palmo tangar dispensa ?spid talegada sirena bail?a chocanter?a cangil?n incontrolado marbell? q aguarr?s germ?n milico museograf?a almirant?a pur?n escorzado catafalco coterr?neo cachurear tormera omnisciencia mole galopa determinante gabela tintorera calca?al vos llantear tintor filv?n desmembraci?n inocuidad canope casta?eteo mediastino tapicer?a celebrador lin?leo talgo caspicias versatilidad voladura despedida impudicicia convento acasta?ado rabillo tributaci?n erudici?n Ca?n sancocho guardavientos labrador gabaonita butanero dispersar anticipamiento guarro exaltamiento paliar cerate boqui umbroso cornicabra desenjaezar valquiria fosquera burrito harmon?a molinero codadura precepto ','solen hist?ricamente mato campamiento pedrea nariz enjeco entr?s agraviado destierro platirrino sepulturero desacomodadamente dicterio sidra trechel modulaci?n imperfecto reformar corambre ',18,1,23,17),(24,'2018-04-08','menguamiento tractorar ','autosugesti?n trasbordar caraj? cinceladura maquillador dinerario cronograf?a embicadura aperturismo santero ','nazismo inmoral desaparecimiento deque?smo cambiada apolog?tico cornezuelo recitado alhavara averiguable jilguero denigrativo pacer saya miramelindos codecillo otra?o escotill?n secuencia provinciano treceno inconfundible galucha pulir recater?a inconcusamente posmodernidad igualar gasoleno saltigallo inclinaci?n moviente asiriolog?a ejecuci?n tumbado mohatr?n zurra laurear escota litargirio embeleco chiclayano alcionio equidistancia piragua interrelaci?n zirconio retartalillas solidariamente hez trasfixi?n descoagulante satinado jilguero gratinar sobrepelo llano filiaci?n putrescente rusel ajenar grasiento pegajoso zozobrar sincronismo corind?n sumul?stico rond?n envasar aguamar a?il inmutabilidad pom?logo ajorro xilema deslazamiento bisar bist? resucitado separatismo desincentivador citereo maldici?n clochel atractivo cartuch?n hemorroide saladillo inervador reprochar tarificar desmaridar pleguete pitilla proporcional estreptococia colla testero antepen?ltimo endurecimiento ','octos?labo rememorativo hartera infograf?a sanlucare?o morera basiliense carabobe?o manoletina escabechar amarilloso antisepsia tr?pode gira civilista cot? desbeber aplomar exentar desatinadamente ',7,5,24,3),(25,'2018-04-08','opimo vide ','maltra?do esca?il espa?olismo vaciador embelequer?a alcacil cosquillear pintiparar prescito derrote ','bolillo noli meleno virgaza mir?fico s?rdido alforf?n elitismo sublime preexistir achabacanamiento alcuzada motolito contratante clavillo permutable canaladura alacridad anamnesis imprimadera electrol?tico arrendable pentadec?gono centralizar maravillosamente arnaucho zubia mataz?n carey fatigar remuneratorio alberquero gambaj plexo m?gano municipalidad cucarda Aja limazo guamb?a guardian?a lubricativo sorteable conjuntura desliar tameme albarejo carcinolog?a zurba cuento alforja andavete permeable descabelladura orebce embuchador aguamanos acid?metro cunero paris?labo nogueral mestizaje prestador deshierba lustrador pederasta cavador ascio emir polideportivo espa?olizar potabilizar vitrificable traslato honestidad guarnecer atramentoso rezaga p?ntico presuntivo canelado arremolinarse escuchar latifundista embozadamente laborioso icti?logo apocalipsis albarejo alzapuertas teatrero graduando absoluto nistagmo acetificaci?n orellano deixis sanchopancesco betunero abondoso ','selectividad corral?n virote gomina enripiar ragad?a torondo trenzadera gua?il atraillar say?n orificia corazonista asignatario cuadril?n humillante abastanza bolado cacarizo zoquetear ',1,2,25,14),(26,'2018-04-08','descargada intensidad ','alafa nigromante hinque bandolera corrigendo tresillo taracol varsoviano redescuento entretenedor ','placeramente cuja figurable modelo veinteavo observante uslero cabestro t?nica desenjaezar cecidia escatimosamente bienza ap?logo desmonetizaci?n febroniano atacar desaplicaci?n trastiberino soltan? desacreditador tarugo jimplar is?baro guacharaca sinovitis cascatreguas ca?arroya aguilando almojerifazgo mancorna anamni?tico protocolizaci?n asistolia liguilla corbona subclase descortinar flegma ortosa tirabrasas carioca churrascar tr?bede fantasm?n fatigosamente vendal ahincamiento epigram?ticamente taparrabo monjil absentista vedar linchar zoolatr?a lobada saz?n campechaner?a taca?o valerano turbia carpe avaramente juninense apanojado cascabullo substraendo acu?ar tamtan calculoso guindilla testarada centaura lijoso pelantr?n icosaedro aljofifar mutilaci?n termorregulaci?n palmejar supuesto maula tifoideo plusmarquista oasis k?rstico sustent?culo sabencia alhaj? roya term?metro umbr?o result?n psicod?lico vinca calificadamente puerto ol?mpico cencerreo escabullimiento ','salvajino irreglamentable desconceptuar jugarreta anomal?a ricio entrecalle bufia concurrencia raticida recepto mar? chispeante aporcador avocar arengar aresta motolita abocanar espalmadura ',12,4,26,15),(27,'2018-04-08','consolador acr?tico ','monte intendente bototo manch? jirocho bozal torrado amormado inauguraci?n complementaci?n ','longuer?a narc?tico grog jinjolero proceleusm?tico irrescindible raya encolerizar apriorismo arienzo asfixia roznido restor?n ferrocarrilero percoch?n existimaci?n chapaleo d?gito falaguero quesero gusanoso bellaquear hiniestra leonino inconveniencia fofo inmensidad pundonor porracear entontecimiento pilila desglosar embeleco diablito pectiniforme auca b?caro reduplicar entusi?stico revenir varal contraatacar zanquilargo contonearse viuda chaple revuelco voraz entresijo mensajero invenci?n endrogarse tabacalero cazudo brocatel amanal basilio palpaci?n regidor cuartanario aortitis encalladero peligrar osco retorrom?nico desidia zambombo gosipino tangado cascarela gualdo sanjacado accesoriamente chispazo particularista destripamiento cavedio pistero bocear jaral carro?oso aldaba hintero apurado seer mierda ablandah?gos quema arcifinio estadio cachondiez ac?falo atabe impersonal sintonizar chanflear indefensable cedoaria Z piment?n ','beodez dotal aspador honda amaci?n siguapa reprograf?a petardista congojoso escurraja rezadera evolucionar impudicia ensamble dac? caminata M?xico ciper?ceo meditador chapeta ',11,4,27,12),(28,'2018-04-08','pandemia coquetismo ','odrer?a cuproso rehundir cardimuelle litrona bascoso d? keroseno flama inculcar ','magnetr?n localizar desflaquecimiento introspectivo gasometr?a recurrir ?bsit flor?stico ruinera suplementario asna pendol?n interminaci?n pereta sobresabido dinarada alfolinero panga minga cargaz?n costarrique?ismo fenazo gualicho completamente cardiograma fideero carochar exhaustivo heredad filatelia asint?tico dis?mil arrim?n tialismo contemporaneidad curazole?o injertera comodidad rateramente sobrec?dula anobio jonjabar intrincar matasuegras norteado pituitoso cenco caudatario arqu?ptero hociquear diluente desembocar cernir ruborizar electroscopio andorrano desparrancarse abaniquer?a cholgua tric?pite versal escorial paralasis salamandrino dadivado sano reencauchadora erisipela docible alisadura sugestionador moer aprisco limera engarro pululaci?n inconsultamente nova yuyo indianista psicol?gico trajiner?a deshollejar chambergo atafarra sociom?trico escler?metro empapuciar superior cerch?n atajasolaces derrochar alquiladizo enso?ar recoqu?n hurgar zoolog?a tornado discontinuo verticidad ','semitrino lombardada fallada teruncio estoperol hurmiento roel atarraga rosjo caro sofister?a serbio relajada doce reblandecer teucali nom?nico pelopones?aco chisque clausurar ',14,1,28,7),(29,'2018-04-08','desafinaci?n didascalia ','violonchelo carochar pulga secretar caballerizo inga escorar planificador cel?cola tintorero ','geldre cebadilla descarte sepultar jimia faral? atarraya encubrimiento tolerar vitivinicultor infurtir desucaci?n pedicuro refr?n anatema bisemanario envejecimiento quesada calificar sentidamente preferencia fosforita sat?rico tabaquismo retrataci?n medianista oficiala entapizada tripular abulonar favila batanero radiofonista encanastar ?rtico lacado cometimiento menospreciamiento nodal epid?mico desgajamiento cantoral popularmente di?stole asociar desapiadado electrofisiolog?a cerebraci?n ariete filtro descargo hemisf?rico mozote hilvanar guardacalada espaldarcete busto circunvenir reagudo aborrecible pelicul?n antojanza mansesor asosegar matacallos calurosamente ziranda pichel conseja cerebralismo organd? desmarcar lambi?n descremado tolondro vulgacho joropear maniqueo tertuliante semitransparente persogo retra?do ap?logo hacino austral galer?a encubridor floresta proclividad cap?tol erbio azufrador sustituible alechugado crolista tioneo censalista cori?mbico neuroglia calzona ','felpo verdezuela ajuntamiento enclisis horrible hipotecario plurivalencia t?o rallado contrabajista incorregibilidad monterer?a di?fano indio ligurino secuencial personal mataci?n ahechadero abondo ',16,1,29,3),(30,'2018-04-08','autocarril damero ','raspadera cabeceo prensor guante apelar ?ola churra divertimiento arabismo necr?fago ','testificativo atentatorio r?mbico ca?d rano alzamiento meditabundo codelincuente leude guadarrame?o fufar tumbal bul?n entimema bist? acuminado revoco criadero quirinal compunci?n desatascar asta hotelero impiedoso careto ulano cuchicheo inserto desacertado salmantino mandrilar levadura timpan?tico tremolina g?rgola C?stor ornamental forcaz cachureco cam?tico botell?n desbragar sida triforme inclusivo mam?n placidez genista cartujo apiastro anganillas bagazal ramillete boleador embuchado piripi teletexto l?mina hex?metro resumidamente desatentar milenta surtida comunicativo infacundo congelativo justiciazgo embestir moca sembradura preferencia converger h?pico escontra ligamento satisfecho precariedad desairar deshincadura descascarillado despajar rumbantela formulaci?n proditor champa?a coreuta bonoloto alfanje anal?tico sanscritista api?ar querella superabundante t?rtano absorci?metro navecilla suplicar anabatista anemogr?fico birib?s ','lentiscina agarrotado trasponer sombrerazo arcabuzal ibis corvato sobreguarda pult?ceo interinar trazable desplumadura pliego apesaradamente bruscamente guardamonte tutela enjaretar car?cter industrial ',18,1,30,1);
/*!40000 ALTER TABLE `Proyecto` ENABLE KEYS */;
UNLOCK TABLES;

--
-- Table structure for table `Tecnologico`
--

DROP TABLE IF EXISTS `Tecnologico`;
/*!40101 SET @saved_cs_client     = @@character_set_client */;
/*!40101 SET character_set_client = utf8 */;
CREATE TABLE `Tecnologico` (
  `TecnologicoId` tinyint(4) NOT NULL,
  `TecnologicoMunicipioId` smallint(6) DEFAULT NULL,
  `TecnologicoUbicacion` varchar(125) DEFAULT NULL,
  PRIMARY KEY (`TecnologicoId`),
  KEY `TecnologicoMunicipioId` (`TecnologicoMunicipioId`),
  CONSTRAINT `Tecnologico_ibfk_1` FOREIGN KEY (`TecnologicoMunicipioId`) REFERENCES `Municipio` (`MunicipioId`)
) ENGINE=InnoDB DEFAULT CHARSET=latin1;
/*!40101 SET character_set_client = @saved_cs_client */;

--
-- Dumping data for table `Tecnologico`
--

LOCK TABLES `Tecnologico` WRITE;
/*!40000 ALTER TABLE `Tecnologico` DISABLE KEYS */;
INSERT INTO `Tecnologico` VALUES (1,65,'Tomas Aquino'),(2,65,'Otay'),(3,65,'2000'),(4,20,'Lugar'),(5,34,'Lugar2'),(6,495,'Lugar3'),(7,48,'Lugar4'),(8,1000,'Lugar5'),(9,397,'Lugar6'),(10,400,'Lugar7'),(11,578,'Lugar8'),(12,999,'Lugar9'),(13,973,'Lugar10'),(14,1245,'Lugar11'),(15,384,'Lugar12'),(16,1345,'Lugar13'),(17,2000,'Lugar14'),(18,498,'Lugar15'),(19,404,'Lugar16'),(20,230,'Lugar17'),(21,1111,'Lugar18'),(22,634,'Lugar19'),(23,120,'Lugar20');
/*!40000 ALTER TABLE `Tecnologico` ENABLE KEYS */;
UNLOCK TABLES;

--
-- Table structure for table `Usuario`
--

DROP TABLE IF EXISTS `Usuario`;
/*!40101 SET @saved_cs_client     = @@character_set_client */;
/*!40101 SET character_set_client = utf8 */;
CREATE TABLE `Usuario` (
  `UsuarioId` int(11) NOT NULL AUTO_INCREMENT,
  `UsuarioClave` char(64) NOT NULL,
  `UsuarioFechaCreacion` datetime NOT NULL,
  PRIMARY KEY (`UsuarioId`)
) ENGINE=InnoDB AUTO_INCREMENT=3 DEFAULT CHARSET=latin1;
/*!40101 SET character_set_client = @saved_cs_client */;

--
-- Dumping data for table `Usuario`
--

LOCK TABLES `Usuario` WRITE;
/*!40000 ALTER TABLE `Usuario` DISABLE KEYS */;
/*!40000 ALTER TABLE `Usuario` ENABLE KEYS */;
UNLOCK TABLES;
/*!40103 SET TIME_ZONE=@OLD_TIME_ZONE */;

/*!40101 SET SQL_MODE=@OLD_SQL_MODE */;
/*!40014 SET FOREIGN_KEY_CHECKS=@OLD_FOREIGN_KEY_CHECKS */;
/*!40014 SET UNIQUE_CHECKS=@OLD_UNIQUE_CHECKS */;
/*!40101 SET CHARACTER_SET_CLIENT=@OLD_CHARACTER_SET_CLIENT */;
/*!40101 SET CHARACTER_SET_RESULTS=@OLD_CHARACTER_SET_RESULTS */;
/*!40101 SET COLLATION_CONNECTION=@OLD_COLLATION_CONNECTION */;
/*!40111 SET SQL_NOTES=@OLD_SQL_NOTES */;

-- Dump completed on 2018-05-03 13:03:45
